obstacle_id,timestep,x_position,y_position,orientation,velocity,acceleration,lanelet_id
0,1,6.0666,-25.2686,-1.2706,11.0602,2.172,821
1,1,109.1574,16.5105,0.1647,20.9408,1.5289,164
3,1,24.3423,-84.3116,-1.2704,20.6361,2.0262,821
5,1,63.9292,9.0371,0.1635,16.1392,1.6473,164
6,1,4.9494,-9.8345,-4.412,0.0001,-0.0512,820
7,1,15.8198,4.6438,-2.978,7.076,-4.5,163
8,1,-1.5974,-5.17,-0.7422,7.2633,0.4493,2816
9,1,8.8491,-22.4267,-4.412,4.2291,-2.7114,820
10,1,-16.116,-6.2451,0.2828,7.6047,-4.5,161
11,1,14.1963,-39.6929,-4.412,7.2736,-2.4753,820
12,1,-31.4388,-10.6993,0.2828,8.1953,-2.7213,161
17,1,46.834,9.7613,-2.978,12.6918,-4.019,163
18,1,21.9959,-64.878,-4.412,11.2508,-2.4971,820
19,1,-7.8518,18.0156,-1.2449,8.8168,-4.4999,818
21,1,-73.3013,-22.8681,0.2828,11.3719,-0.0048,161
23,1,32.8027,-99.7888,-4.4122,15.9912,-1.2276,820
24,1,37.3741,-114.5573,-4.4122,14.0654,-2.0421,820
0,2,6.3993,-26.3437,-1.2706,11.2538,1.9361,821
1,2,111.2432,16.8573,0.1647,21.1442,2.0339,164
3,2,24.9601,-86.3066,-1.2704,20.8845,2.4842,821
5,2,65.5386,9.3027,0.1635,16.3114,1.7216,164
6,2,4.9494,-9.8345,-4.412,0.0,-0.0006,820
7,2,15.166,4.5359,-2.978,6.626,-4.5,163
8,2,-1.1003,-5.6244,-0.8582,7.1729,-0.9038,2816
9,2,8.7315,-22.047,-4.412,3.975,-2.5409,820
10,2,-15.4247,-6.0442,0.2828,7.1986,-4.0612,161
11,2,13.9867,-39.016,-4.412,7.0855,-1.8804,820
12,2,-30.6832,-10.4796,0.2828,7.8695,-3.2582,161
17,2,45.6075,9.559,-2.978,12.4309,-2.6091,163
18,2,21.6702,-63.826,-4.412,11.0121,-2.3871,820
19,2,-7.584,17.2229,-1.2449,8.3668,-4.4999,818
21,2,-72.2104,-22.551,0.2828,11.3605,-0.1141,161
23,2,32.3372,-98.285,-4.4122,15.7415,-2.4964,820
24,2,36.9575,-113.2112,-4.4122,14.0898,0.244,820
0,3,6.7387,-27.4404,-1.2706,11.4795,2.2572,821
1,3,113.3455,17.2067,0.1647,21.3121,1.6791,164
3,3,25.5842,-88.3217,-1.2704,21.0947,2.1016,821
5,3,67.1669,9.5713,0.1635,16.5029,1.9148,164
6,3,4.9494,-9.8345,-4.412,0.0,0.0,820
7,3,14.5567,4.4354,-2.978,6.176,-4.5,163
8,3,-0.6484,-6.1385,-0.9638,7.1858,0.1284,2816
9,3,8.6204,-21.6883,-4.412,3.7549,-2.2012,820
10,3,-14.7761,-5.8556,0.2828,6.7543,-4.4429,161
11,3,13.7835,-38.3598,-4.412,6.8694,-2.1611,820
12,3,-29.9555,-10.2681,0.2828,7.5777,-2.9178,161
17,3,44.4155,9.3623,-2.978,12.0809,-3.4999,163
18,3,21.3496,-62.791,-4.412,10.8344,-1.777,820
19,3,-7.3306,16.4729,-1.2449,7.9168,-4.5,818
21,3,-71.1283,-22.2365,0.2828,11.2691,-0.9137,161
23,3,31.8796,-96.8065,-4.4122,15.4762,-2.6527,820
24,3,36.5484,-111.8898,-4.4122,13.8325,-2.5727,820
0,4,7.0846,-28.558,-1.2706,11.6992,2.1963,821
1,4,115.4701,17.5599,0.1647,21.5376,2.2547,164
3,4,26.2143,-90.3565,-1.2704,21.3004,2.0565,821
5,4,68.8135,9.843,0.1635,16.6892,1.8629,164
6,4,4.9494,-9.8345,-4.412,0.0,0.0,820
7,4,13.9217,4.3306,-2.978,6.436,2.5999,163
8,4,-0.2354,-6.7094,-1.0556,7.2665,0.8072,2816
9,4,8.5166,-21.353,-4.412,3.5103,-2.4452,820
10,4,-14.1708,-5.6796,0.2828,6.3043,-4.5,161
11,4,13.5868,-37.7249,-4.412,6.6464,-2.2298,820
12,4,-29.2541,-10.0642,0.2828,7.3041,-2.7358,161
17,4,43.2615,9.1719,-2.978,11.6968,-3.8408,163
18,4,21.0357,-61.7775,-4.412,10.6102,-2.2418,820
19,4,-7.0915,15.7654,-1.2449,7.4668,-4.5,818
21,4,-70.0728,-21.9296,0.2828,10.9924,-2.7673,161
23,4,31.4281,-95.3479,-4.4122,15.269,-2.0724,820
24,4,36.1445,-110.5848,-4.4122,13.6602,-1.723,820
0,5,7.4358,-29.6927,-1.2706,11.8777,1.785,821
1,5,117.6128,17.9161,0.1647,21.7203,1.8267,164
3,5,26.8492,-92.4065,-1.2704,21.4609,1.6055,821
5,5,70.4765,10.1174,0.1635,16.8552,1.6601,164
6,5,4.9494,-9.8345,-4.412,0.0,0.0,820
7,5,13.261,4.2216,-2.978,6.696,2.5999,163
8,5,0.1499,-7.3411,-1.1293,7.5006,2.3409,2816
9,5,8.4156,-21.0268,-4.412,3.414,-0.9637,820
10,5,-13.6086,-5.5162,0.2828,5.8543,-4.5,161
11,5,13.3953,-37.1064,-4.412,6.4741,-1.7233,820
12,5,-28.5832,-9.8691,0.2828,6.9874,-3.1671,161
17,5,42.1065,8.9813,-2.978,11.7063,0.0947,163
18,5,20.725,-60.7743,-4.412,10.5018,-1.084,820
19,5,-6.8669,15.1006,-1.2449,7.0168,-4.5,818
21,5,-69.029,-21.6262,0.2828,10.8691,-1.2334,161
23,5,30.9843,-93.9141,-4.4122,15.008,-2.6098,820
24,5,35.7419,-109.2842,-4.4122,13.6151,-0.4505,820
0,6,7.7944,-30.8516,-1.2706,12.1313,2.5362,821
1,6,119.7705,18.2748,0.1647,21.8734,1.5309,164
3,6,27.4897,-94.4745,-1.2704,21.6484,1.8753,821
5,6,72.1565,10.3945,0.1635,17.0265,1.7126,164
6,6,4.9494,-9.8345,-4.412,0.0,0.0,820
7,6,12.5747,4.1083,-2.978,6.956,2.5999,163
8,6,0.5116,-8.0201,-1.1876,7.7192,2.1858,2816
9,6,8.3228,-20.7273,-4.412,3.136,-2.7793,820
10,6,-13.0879,-5.3649,0.2828,5.4228,-4.315,161
11,6,13.2091,-36.5051,-4.412,6.2948,-1.7926,820
12,6,-27.9325,-9.68,0.2828,6.7753,-2.1206,161
17,6,40.9585,8.7918,-2.978,11.6355,-0.7075,163
18,6,20.4222,-59.7962,-4.412,10.2381,-2.6365,820
19,6,-6.6567,14.4785,-1.2449,6.5668,-4.5,818
21,6,-67.9995,-21.3269,0.2828,10.7217,-1.4736,161
23,6,30.545,-92.4951,-4.4122,14.8546,-1.534,820
24,6,35.3457,-108.0042,-4.4122,13.3984,-2.1674,820
0,7,8.1592,-32.0305,-1.2706,12.34,2.0867,821
1,7,121.9462,18.6198,0.1581,22.0314,1.5803,164
3,7,28.1352,-96.5589,-1.2704,21.8208,1.7237,821
5,7,73.8519,10.6743,0.1635,17.1831,1.566,164
6,7,4.9494,-9.8345,-4.412,0.0,0.0,820
7,7,11.8627,3.9908,-2.978,7.216,2.5999,163
8,7,0.8435,-8.7457,-1.2287,7.9766,2.5742,821
9,7,8.2365,-20.4486,-4.412,2.9174,-2.1867,820
10,7,-12.6084,-5.2255,0.2828,4.993,-4.2981,161
11,7,13.0307,-35.9291,-4.412,6.0302,-2.6467,820
12,7,-27.3174,-9.5012,0.2828,6.4058,-3.695,161
17,7,39.8107,8.6024,-2.978,11.6334,-0.0209,163
18,7,20.1235,-58.8318,-4.412,10.0956,-1.4252,820
19,7,-6.4609,13.899,-1.2449,6.1168,-4.5,818
21,7,-66.9944,-21.0348,0.2828,10.4671,-2.5463,161
23,7,30.1134,-91.1009,-4.4122,14.5943,-2.603,820
24,7,34.9515,-106.7309,-4.4122,13.3291,-0.6929,820
0,8,8.5287,-33.2243,-1.2706,12.4964,1.5644,821
1,8,124.1364,18.9593,0.1484,22.165,1.3357,164
3,8,28.7874,-98.665,-1.2704,22.0473,2.2646,821
5,8,75.5714,10.958,0.1635,17.4284,2.4533,164
6,8,4.9494,-9.8345,-4.412,0.0,0.0,820
7,8,11.1251,3.8691,-2.978,7.476,2.5999,163
8,8,1.1437,-9.5052,-1.2536,8.1609,1.843,821
9,8,8.154,-20.1821,-4.412,2.7897,-1.2762,820
10,8,-12.171,-5.0983,0.2828,4.5552,-4.3771,161
11,8,12.8578,-35.371,-4.412,5.8423,-1.8781,820
12,8,-26.7268,-9.3295,0.2828,6.151,-2.5479,161
17,8,38.662,8.4129,-2.978,11.6423,0.0887,163
18,8,19.8325,-57.8921,-4.412,9.8372,-2.5837,820
19,8,-6.2795,13.3621,-1.2449,5.6668,-4.5,818
21,8,-66.0128,-20.7495,0.2828,10.2215,-2.4554,161
23,8,29.6864,-89.7213,-4.4122,14.4409,-1.5344,820
24,8,34.5624,-105.4735,-4.4122,13.1615,-1.6756,820
0,9,8.9052,-34.4409,-1.2706,12.7354,2.3898,821
1,9,126.3462,19.2913,0.1428,22.3464,1.8136,164
3,9,29.4446,-100.787,-1.2704,22.2143,1.6698,821
5,9,77.3141,11.2455,0.1635,17.6625,2.341,164
6,9,4.9494,-9.8345,-4.412,0.0,0.0,820
7,9,10.3694,3.7443,-2.9779,7.6583,1.823,163
8,9,1.4272,-10.2945,-1.2686,8.3825,2.216,821
9,9,8.0751,-19.9276,-4.412,2.6639,-1.2587,820
10,9,-11.7768,-4.9837,0.2828,4.1052,-4.5,161
11,9,12.6894,-34.8269,-4.412,5.6951,-1.4722,820
12,9,-26.1548,-9.1632,0.2828,5.9568,-1.9424,161
17,9,37.5152,8.2237,-2.978,11.6233,-0.1894,163
18,9,19.5478,-56.9729,-4.412,9.6228,-2.1444,820
19,9,-6.1125,12.8678,-1.2449,5.2168,-4.5,818
21,9,-65.0422,-20.4673,0.2828,10.1086,-1.1287,161
23,9,29.2659,-88.3628,-4.4122,14.2202,-2.2064,820
24,9,34.1793,-104.236,-4.4122,12.9539,-2.0766,820
0,10,9.2882,-35.6783,-1.2706,12.9527,2.1725,821
1,10,128.5711,19.6114,0.1428,22.4773,1.3096,164
3,10,30.1072,-102.9265,-1.2704,22.3965,1.8224,821
5,10,79.0732,11.5357,0.1635,17.8287,1.6622,164
6,10,4.9494,-9.8345,-4.412,0.0,0.0,820
7,10,9.6089,3.6382,-2.9856,7.6855,0.2715,163
8,10,1.6841,-11.1085,-1.2705,8.5352,1.5264,821
9,10,8.0048,-19.7003,-4.412,2.379,-2.8485,820
10,10,-11.4258,-4.8817,0.2828,3.6552,-4.5,161
11,10,12.5247,-34.2952,-4.412,5.5662,-1.2895,820
12,10,-25.6108,-9.0051,0.2828,5.6649,-2.9191,161
17,10,36.3736,8.0353,-2.978,11.5705,-0.5287,163
18,10,19.2686,-56.0714,-4.412,9.4364,-1.8636,820
19,10,-5.9599,12.4162,-1.2449,4.7668,-4.5,818
21,10,-64.0965,-20.1924,0.2828,9.8481,-2.6054,161
23,10,28.8514,-87.0238,-4.4122,14.0166,-2.0361,820
24,10,33.7997,-103.0096,-4.4122,12.8374,-1.1645,820
0,11,9.6782,-36.9386,-1.2706,13.1923,2.3966,821
1,11,130.8206,19.9349,0.1428,22.7275,2.5019,164
3,11,30.7764,-105.0874,-1.2704,22.6216,2.2514,821
5,11,80.8529,11.8293,0.1635,18.0375,2.0879,164
6,11,4.9494,-9.8345,-4.412,0.0,0.0,820
7,11,8.8551,3.5565,-3.0025,7.6101,-0.7542,163
8,11,1.9437,-11.947,-1.2705,8.7774,2.4224,821
9,11,7.9367,-19.4807,-4.412,2.2993,-0.7972,820
10,11,-11.118,-4.7922,0.2828,3.2052,-4.5,161
11,11,12.3663,-33.7838,-4.412,5.3536,-2.1254,820
12,11,-25.0933,-8.8547,0.2828,5.3887,-2.7616,161
17,11,35.2444,7.849,-2.978,11.444,-1.2645,163
18,11,18.994,-55.1848,-4.412,9.2812,-1.5523,820
19,11,-5.8217,12.0072,-1.2449,4.3168,-4.5,818
21,11,-63.1573,-19.9194,0.2828,9.7808,-0.6728,161
23,11,28.4453,-85.7117,-4.4122,13.7347,-2.8187,820
24,11,33.4217,-101.7884,-4.4122,12.7834,-0.54,820
0,12,10.0745,-38.2191,-1.2706,13.404,2.1164,821
1,12,133.094,20.2619,0.1428,22.9671,2.3957,164
3,12,31.4505,-107.2641,-1.2704,22.7862,1.6454,821
5,12,82.6539,12.1265,0.1635,18.2534,2.159,164
6,12,4.9494,-9.8345,-4.412,0.0,0.0,820
7,12,8.0991,3.5009,-3.03,7.646,0.3599,163
8,12,2.2093,-12.8053,-1.2706,8.9843,2.0687,821
9,12,7.8729,-19.2746,-4.412,2.1575,-1.4179,820
10,12,-10.8534,-4.7153,0.2828,2.7552,-4.5,161
11,12,12.2158,-33.2977,-4.412,5.0882,-2.6542,820
12,12,-24.5962,-8.7102,0.2828,5.1769,-2.1178,161
17,12,34.1249,7.6642,-2.978,11.3473,-0.9667,163
18,12,18.7257,-54.3184,-4.412,9.0701,-2.111,820
19,12,-5.6979,11.6409,-1.2449,3.8668,-4.5,818
21,12,-62.236,-19.6516,0.2828,9.5939,-1.8692,161
23,12,28.0444,-84.4166,-4.4122,13.5564,-1.7834,820
24,12,33.0509,-100.5904,-4.4122,12.5402,-2.4315,820
0,13,10.4754,-39.5148,-1.2706,13.5627,1.5877,821
1,13,135.3917,20.5716,0.1346,23.2041,2.3695,164
3,13,32.1322,-109.4654,-1.2704,23.0441,2.5795,821
5,13,84.4786,12.4275,0.1635,18.4935,2.4005,164
6,13,4.9494,-9.8345,-4.412,0.0,0.0,820
7,13,7.3511,3.4792,-3.0709,7.6185,-0.2759,1985
8,13,2.4813,-13.6841,-1.2706,9.1995,2.1518,821
9,13,7.8147,-19.0865,-4.412,1.9683,-1.8915,820
10,13,-10.632,-4.651,0.2828,2.3052,-4.5,161
11,13,12.0679,-32.8202,-4.412,4.999,-0.8918,820
12,13,-24.1242,-8.573,0.2828,4.9156,-2.6128,161
17,13,33.0197,7.4819,-2.978,11.2013,-1.4598,163
18,13,18.466,-53.4797,-4.412,8.7791,-2.9094,820
19,13,-5.5885,11.3171,-1.2449,3.4168,-4.5,818
21,13,-61.3274,-19.3875,0.2828,9.4625,-1.3138,161
23,13,27.6491,-83.1396,-4.4122,13.3674,-1.8902,820
24,13,32.682,-99.3989,-4.4122,12.4727,-0.6752,820
0,14,10.8804,-40.8233,-1.2706,13.6975,1.3472,821
1,14,137.7127,20.7369,0.0673,23.4178,2.1372,164
3,14,32.8186,-111.6815,-1.2704,23.1996,1.5548,821
5,14,86.3276,12.7326,0.1635,18.7404,2.4692,164
6,14,4.9494,-9.8345,-4.412,0.0,0.0,820
7,14,6.5991,3.493,-3.1274,7.7397,1.2121,1985
8,14,2.758,-14.578,-1.2706,9.3573,1.5781,821
9,14,7.7608,-18.9126,-4.412,1.8208,-1.4753,820
10,14,-10.4539,-4.5992,0.2828,1.8552,-4.4999,161
11,14,11.9275,-32.3669,-4.412,4.7454,-2.5358,820
12,14,-23.6751,-8.4424,0.2828,4.6768,-2.3886,161
17,14,31.9174,7.3,-2.978,11.1717,-0.2961,163
18,14,18.2123,-52.6606,-4.412,8.575,-2.0417,820
19,14,-5.4935,11.0361,-1.2449,2.9668,-4.5,818
21,14,-60.4348,-19.128,0.2828,9.295,-1.6748,161
23,14,27.2615,-81.8874,-4.4122,13.1079,-2.5948,820
24,14,32.3204,-98.2307,-4.4122,12.2285,-2.4422,820
0,15,11.2908,-42.1493,-1.2706,13.8805,1.83,821
1,15,140.056,20.7921,-0.0411,23.582,1.6419,164
3,15,33.5118,-113.9201,-1.2704,23.4342,2.3453,821
5,15,88.1971,13.0411,0.1635,18.9475,2.0705,164
6,15,4.9494,-9.8345,-4.412,0.0,0.0,820
7,15,5.86,3.5465,-3.2008,7.723,-0.1664,1985
8,15,3.0386,-15.4847,-1.2706,9.4914,1.3417,821
9,15,7.7115,-18.7533,-4.412,1.6671,-1.5371,820
10,15,-10.3189,-4.56,0.2828,1.4052,-4.4999,161
11,15,11.7903,-31.9239,-4.412,4.6365,-1.089,820
12,15,-23.2478,-8.3182,0.2828,4.4496,-2.2721,161
17,15,30.8178,7.1186,-2.978,11.1452,-0.2649,163
18,15,17.9621,-51.8528,-4.412,8.4567,-1.183,820
19,15,-5.413,10.7976,-1.2449,2.5168,-4.5,818
21,15,-59.5641,-18.8749,0.2828,9.0676,-2.2737,161
23,15,26.8796,-80.6535,-4.4122,12.9161,-1.9175,820
24,15,31.9626,-97.0747,-4.4122,12.1012,-1.2729,820
0,16,11.7085,-43.4991,-1.2706,14.1296,2.491,821
1,16,142.4176,20.6008,-0.1305,23.7878,2.0583,164
3,16,34.2102,-116.1752,-1.2704,23.6078,1.7361,821
5,16,90.0847,13.3525,0.1635,19.1317,1.8422,164
6,16,4.9494,-9.8345,-4.412,0.0,0.0,820
7,16,5.135,3.6436,-3.2882,7.7004,-0.2264,1985
8,16,3.3245,-16.4083,-1.2706,9.6674,1.7594,821
9,16,7.6648,-18.6024,-4.412,1.5799,-0.8714,820
10,16,-10.2259,-4.5329,0.2828,0.969,-4.3628,161
11,16,11.6592,-31.5004,-4.412,4.4334,-2.0314,820
12,16,-22.8461,-8.2014,0.2828,4.1835,-2.6605,161
17,16,29.7277,6.9387,-2.978,11.0486,-0.9664,163
18,16,17.7184,-51.0657,-4.412,8.2386,-2.1805,820
19,16,-5.3468,10.6018,-1.2449,2.0668,-4.5,818
21,16,-58.7107,-18.6268,0.2828,8.887,-1.8065,161
23,16,26.5061,-79.4468,-4.4122,12.6318,-2.8428,820
24,16,31.6088,-95.9319,-4.4122,11.9625,-1.3868,820
0,17,12.1323,-44.8685,-1.2706,14.3343,2.0466,821
1,17,144.7749,20.1944,-0.2152,24.0144,2.2662,164
3,17,34.9154,-118.4524,-1.2704,23.8379,2.3008,821
5,17,91.9885,13.6666,0.1635,19.2954,1.637,164
6,17,4.9494,-9.8345,-4.412,0.0,0.0,820
7,17,4.4352,3.8001,-3.3825,7.6098,-0.9057,1985
8,17,3.6174,-17.3547,-1.2706,9.9065,2.3913,821
9,17,7.6225,-18.4661,-4.412,1.4274,-1.5254,820
10,17,-10.176,-4.5184,0.2828,0.519,-4.4995,161
11,17,11.5343,-31.0972,-4.412,4.2214,-2.1196,820
12,17,-22.4636,-8.0903,0.2828,3.9828,-2.0068,161
17,17,28.6237,6.7565,-2.978,11.1893,1.4066,163
18,17,17.4792,-50.2934,-4.412,8.0848,-1.5379,820
19,17,-5.2949,10.4483,-1.2449,1.6204,-4.4643,818
21,17,-57.8677,-18.3818,0.2828,8.7785,-1.0851,161
23,17,26.1359,-78.251,-4.4122,12.5172,-1.1468,820
24,17,31.2599,-94.8047,-4.4122,11.799,-1.6346,820
0,18,12.5602,-46.2512,-1.2706,14.4734,1.3913,821
1,18,147.1182,19.6126,-0.2817,24.2216,2.0716,164
3,18,35.6264,-120.7479,-1.2704,24.0311,1.9323,821
5,18,93.9068,13.9831,0.1635,19.4423,1.4685,164
6,18,4.9494,-9.8345,-4.412,0.0,0.0,820
7,18,3.7548,4.026,-3.4897,7.7206,1.1079,1986
8,18,3.916,-18.3196,-1.2706,10.1014,1.9483,821
9,18,7.582,-18.3352,-4.412,1.3702,-0.5719,820
10,18,-10.1678,-4.516,0.2828,0.0859,-4.3312,161
11,18,11.4142,-30.7095,-4.412,4.0584,-1.6298,820
12,18,-22.0977,-7.9839,0.2828,3.811,-1.7179,161
17,18,27.5022,6.5715,-2.978,11.3665,1.7724,163
18,18,17.2487,-49.549,-4.412,7.7925,-2.9234,820
19,18,-5.2575,10.3374,-1.2449,1.1704,-4.4999,818
21,18,-57.0415,-18.1416,0.2828,8.6046,-1.7383,161
23,18,25.7745,-77.0835,-4.4122,12.2212,-2.9591,820
24,18,30.9124,-93.6818,-4.4122,11.7542,-0.4483,820
0,19,12.9957,-47.6582,-1.2706,14.7286,2.5517,821
1,19,149.4226,18.8451,-0.349,24.3876,1.6597,164
3,19,36.3414,-123.0569,-1.2704,24.1707,1.3965,821
5,19,95.8384,14.3018,0.1635,19.5766,1.3435,164
6,19,4.9494,-9.8345,-4.412,0.0,0.0,820
7,19,3.1003,4.3137,-3.6018,7.709,-0.1161,1986
8,19,4.2191,-19.299,-1.2706,10.2512,1.4987,821
9,19,7.5444,-18.2138,-4.412,1.2707,-0.9951,820
10,19,-10.1676,-4.516,0.2828,0.0023,-0.836,161
11,19,11.296,-30.3279,-4.412,3.9948,-0.6356,820
12,19,-21.7541,-7.884,0.2828,3.5772,-2.3386,161
17,19,26.3579,6.3826,-2.978,11.5979,2.3143,163
18,19,17.0241,-48.824,-4.412,7.5896,-2.0284,820
19,19,-5.2338,10.2674,-1.2449,0.7382,-4.322,818
21,19,-56.2279,-17.9051,0.2828,8.4728,-1.3178,161
23,19,25.4207,-75.9404,-4.4122,11.966,-2.5522,820
24,19,30.5704,-92.577,-4.4122,11.5651,-1.8906,820
0,20,13.437,-49.0844,-1.2706,14.9294,2.0078,821
1,20,151.6682,17.8808,-0.4459,24.6083,2.2076,164
3,20,37.0614,-125.3818,-1.2704,24.3387,1.6794,821
5,20,97.7897,14.6238,0.1635,19.7774,2.0077,164
6,20,4.9494,-9.8345,-4.412,0.0,0.0,820
7,20,2.4735,4.6658,-3.7164,7.7277,0.1868,1986
8,20,4.5275,-20.2954,-1.2706,10.4306,1.7934,821
9,20,7.5099,-18.1025,-4.412,1.1645,-1.062,820
10,20,-10.1676,-4.516,0.2828,0.0001,-0.0225,161
11,20,11.1834,-29.964,-4.412,3.8087,-1.8612,820
12,20,-21.4322,-7.7905,0.2828,3.3528,-2.2439,161
17,20,25.2066,6.1927,-2.978,11.6692,0.7123,163
18,20,16.8033,-48.1107,-4.412,7.4667,-1.2291,820
19,20,-5.2229,10.235,-1.2449,0.3423,-3.9586,818
21,20,-55.4302,-17.6732,0.2828,8.3064,-1.6645,161
23,20,25.0721,-74.8144,-4.4122,11.7869,-1.7915,820
24,20,30.2337,-91.4895,-4.4122,11.3837,-1.8142,820
0,21,13.8831,-50.5258,-1.2706,15.0882,1.5888,821
1,21,153.8144,16.6906,-0.5643,24.7589,1.5053,164
5,21,99.7614,14.9504,0.164,19.9853,2.0794,164
6,21,4.9494,-9.8345,-4.412,0.0,0.0,820
7,21,1.8816,5.0796,-3.8276,7.6881,-0.3955,2819
8,21,4.8423,-21.3125,-1.2706,10.647,2.164,821
9,21,7.4787,-18.0017,-4.412,1.0556,-1.0891,820
10,21,-10.1676,-4.516,0.2828,0.0,-0.0007,161
11,21,11.0744,-29.6122,-4.412,3.6831,-1.2559,820
12,21,-21.134,-7.7038,0.2828,3.1054,-2.4741,161
17,21,24.0996,6.01,-2.978,11.2192,-4.4999,163
18,21,16.59,-47.4221,-4.412,7.2087,-2.58,820
19,21,-5.2226,10.2341,-1.2449,0.0093,-3.3301,818
21,21,-54.6567,-17.4484,0.2828,8.0556,-2.5084,161
23,21,24.7281,-73.703,-4.4122,11.6335,-1.5339,820
24,21,29.9015,-90.4161,-4.4122,11.2363,-1.474,820
0,22,14.3351,-51.9864,-1.2706,15.2885,2.0027,821
1,22,155.8603,15.2734,-0.6675,24.9962,2.3733,164
5,22,101.7549,15.2805,0.1645,20.2065,2.2113,164
6,22,4.9494,-9.8345,-4.412,0.0,0.0,820
7,22,1.3263,5.5548,-3.9364,7.7155,0.2734,2819
8,22,5.1621,-22.3458,-1.2706,10.8159,1.6887,821
9,22,7.4497,-17.9079,-4.412,0.9822,-0.7334,820
10,22,-10.1676,-4.516,0.2828,0.0,0.0,161
11,22,10.971,-29.2784,-4.412,3.4939,-1.892,820
12,22,-20.848,-7.6206,0.2828,2.9785,-1.2681,161
17,22,23.0371,5.8347,-2.978,10.7692,-4.4999,163
18,22,16.3794,-46.742,-4.412,7.1197,-0.8901,820
19,22,-5.2226,10.2341,-1.2449,0.0002,-0.0909,818
21,22,-53.8991,-17.2281,0.2828,7.89,-1.6556,161
23,22,24.3905,-72.6124,-4.4122,11.4162,-2.1727,820
24,22,29.5743,-89.3591,-4.4122,11.064,-1.723,820
0,23,14.7934,-53.467,-1.2706,15.4991,2.1062,821
1,23,157.8047,13.6698,-0.7311,25.2462,2.4998,164
5,23,103.7633,15.6139,0.1647,20.3588,1.5231,164
6,23,4.9494,-9.8345,-4.412,0.0,0.0,820
7,23,0.8135,6.0849,-4.0372,7.6893,-0.2621,2819
8,23,5.4871,-23.396,-1.2706,10.9935,1.7758,821
9,23,7.4239,-17.8248,-4.412,0.8691,-1.1307,820
10,23,-10.1676,-4.516,0.2828,0.0,0.0,161
11,23,10.8731,-28.9623,-4.412,3.3089,-1.8504,820
12,23,-20.5767,-7.5418,0.2828,2.8247,-1.5383,161
17,23,22.0127,5.6657,-2.978,10.3827,-3.865,163
18,23,16.1761,-46.0855,-4.412,6.8721,-2.4753,820
19,23,-5.2226,10.2341,-1.2449,0.0,-0.0026,818
21,23,-53.1517,-17.0109,0.2828,7.7831,-1.0684,161
23,23,24.0582,-71.5388,-4.4122,11.2381,-1.7808,820
24,23,29.2515,-88.3164,-4.4122,10.915,-1.4901,820
0,24,15.2581,-54.9689,-1.2706,15.7212,2.2205,821
1,24,159.6826,11.9481,-0.7646,25.49,2.4385,164
5,24,105.7856,15.9501,0.1647,20.5005,1.4172,164
6,24,4.9494,-9.8345,-4.412,0.0,0.0,820
7,24,0.353,6.6684,-4.1294,7.6948,0.055,2819
8,24,5.8183,-24.4663,-1.2706,11.2038,2.1035,821
9,24,7.3999,-17.7472,-4.412,0.8128,-0.5633,820
10,24,-10.1676,-4.516,0.2828,0.0,0.0,161
11,24,10.7814,-28.6661,-4.412,3.1006,-2.0831,820
12,24,-20.3265,-7.469,0.2828,2.6059,-2.1883,161
17,24,21.0327,5.5039,-2.978,9.9327,-4.4999,163
18,24,15.9769,-45.4423,-4.412,6.7328,-1.3933,820
19,24,-5.2226,10.2341,-1.2449,0.0,0.0,818
21,24,-52.4248,-16.7996,0.2828,7.569,-2.1411,161
23,24,23.7341,-70.4917,-4.4122,10.9608,-2.7727,820
24,24,28.9319,-87.2838,-4.4122,10.8086,-1.0639,820
0,25,15.7285,-56.4887,-1.2706,15.9088,1.8756,821
1,25,161.4968,10.1353,-0.7958,25.662,1.7198,164
5,25,107.8237,16.2888,0.1647,20.6609,1.604,164
6,25,4.9494,-9.8345,-4.412,0.0,0.0,820
7,25,-0.0608,7.2916,-4.2078,7.6526,-0.4214,2819
8,25,6.1538,-25.5503,-1.2706,11.3469,1.4312,821
9,25,7.3782,-17.6771,-4.412,0.7341,-0.7872,820
10,25,-10.1676,-4.516,0.2828,0.0,0.0,161
11,25,10.6913,-28.3753,-4.412,3.044,-0.5657,820
12,25,-20.0945,-7.4016,0.2828,2.4161,-1.8972,161
17,25,20.0971,5.3496,-2.978,9.4827,-4.4999,163
18,25,15.7839,-44.8191,-4.412,6.5238,-2.09,820
19,25,-5.2226,10.2341,-1.2449,0.0,0.0,818
21,25,-51.7081,-16.5913,0.2828,7.4637,-1.053,161
23,25,23.4167,-69.4665,-4.4121,10.732,-2.2883,820
24,25,28.6176,-86.2683,-4.4122,10.6298,-1.7877,820
0,26,16.2062,-58.0322,-1.2706,16.1578,2.4905,821
1,26,163.3013,8.2905,-0.8153,25.8064,1.4433,164
5,26,109.8866,16.6318,0.1647,20.912,2.5111,164
6,26,4.9494,-9.8345,-4.412,0.0,0.0,820
7,26,-0.4561,7.9643,-4.2721,7.8743,2.2169,2819
8,26,6.4954,-26.6542,-1.2706,11.5549,2.0798,821
9,26,7.3588,-17.6144,-4.412,0.656,-0.781,820
10,26,-10.1676,-4.516,0.2828,0.0,0.0,161
11,26,10.6067,-28.1019,-4.412,2.8621,-1.8192,820
12,26,-19.8792,-7.339,0.2828,2.2422,-1.7392,161
17,26,19.2059,5.2025,-2.978,9.0327,-4.4999,163
18,26,15.5976,-44.2176,-4.412,6.2966,-2.2717,820
19,26,-5.2226,10.2341,-1.2449,0.0,0.0,818
21,26,-51.012,-16.3889,0.2828,7.2493,-2.1446,161
23,26,23.1027,-68.4525,-4.4121,10.6143,-1.1771,820
24,26,28.3069,-85.2646,-4.4122,10.5063,-1.2349,820
0,27,16.6891,-59.5928,-1.2706,16.3357,1.7793,821
1,27,165.0936,6.401,-0.8116,26.0482,2.4187,164
5,27,111.9673,16.9776,0.1647,21.0932,1.8121,164
6,27,4.9494,-9.8345,-4.412,0.0,0.0,820
7,27,-0.826,8.684,-4.3204,8.1107,2.3636,2819
8,27,6.8433,-27.7784,-1.2706,11.768,2.1312,821
9,27,7.341,-17.5569,-4.412,0.6014,-0.5455,820
10,27,-10.1676,-4.516,0.2828,0.0,0.0,161
11,27,10.5247,-27.8374,-4.412,2.7695,-0.9251,820
12,27,-19.6733,-7.2792,0.2828,2.1442,-0.9802,161
17,27,18.3591,5.0628,-2.978,8.5827,-4.4999,163
18,27,15.4158,-43.6306,-4.412,6.145,-1.5161,820
19,27,-5.2226,10.2341,-1.2449,0.0,0.0,818
21,27,-50.3177,-16.1871,0.2828,7.231,-0.183,161
23,27,22.7965,-67.4634,-4.4121,10.3542,-2.6008,820
24,27,27.9996,-84.2718,-4.4122,10.3924,-1.1394,820
0,28,17.1762,-61.1665,-1.2706,16.473,1.372,821
1,28,166.9423,4.5429,-0.7828,26.2278,1.7954,164
5,28,114.0617,17.3258,0.1647,21.2311,1.379,164
6,28,4.9494,-9.8345,-4.412,0.0,0.0,820
7,28,-1.1746,9.4379,-4.356,8.3017,1.9102,817
8,28,7.1958,-28.9172,-1.2706,11.9209,1.5281,821
9,28,7.3246,-17.504,-4.412,0.5539,-0.4754,820
10,28,-10.1676,-4.516,0.2828,0.0,0.0,161
11,28,10.4484,-27.5908,-4.412,2.5812,-1.8837,820
12,28,-19.4813,-7.2234,0.2828,1.9986,-1.4562,161
17,28,17.5567,4.9304,-2.978,8.1327,-4.4999,163
18,28,15.2381,-43.0568,-4.412,6.0069,-1.3813,820
19,28,-5.2226,10.2341,-1.2449,0.0,0.0,818
21,28,-49.6519,-15.9936,0.2828,6.9326,-2.9835,161
23,28,22.4958,-66.4921,-4.412,10.167,-1.8723,820
24,28,27.6994,-83.3021,-4.4122,10.1509,-2.415,820
0,29,17.6674,-62.754,-1.2706,16.6171,1.4413,821
1,29,168.8186,2.6806,-0.7605,26.4364,2.0858,164
5,29,116.1804,17.678,0.1647,21.4779,2.4672,164
6,29,4.9494,-9.8345,-4.412,0.0,0.0,820
7,29,-1.4942,10.2209,-4.3768,8.452,1.5024,817
8,29,7.5557,-30.0803,-1.2706,12.1746,2.5376,821
9,29,7.3098,-17.4563,-4.412,0.4999,-0.5397,820
10,29,-10.1676,-4.516,0.2828,0.0,0.0,161
11,29,10.3765,-27.3586,-4.412,2.4302,-1.5092,820
12,29,-19.3015,-7.1711,0.2828,1.8727,-1.2583,161
17,29,16.7987,4.8053,-2.978,7.6827,-4.5,163
18,29,15.0679,-42.5072,-4.412,5.7532,-2.5365,820
19,29,-5.2226,10.2341,-1.2449,0.0,0.0,818
21,29,-48.9887,-15.8008,0.2828,6.9065,-0.2607,161
23,29,22.2013,-65.5411,-4.412,9.9551,-2.1191,820
24,29,27.4008,-82.3374,-4.4122,10.0986,-0.5224,820
0,30,18.163,-64.3553,-1.2706,16.7629,1.4578,821
1,30,170.7484,0.8445,-0.7605,26.6373,2.0092,164
5,30,118.3122,18.0323,0.1647,21.6108,1.3291,164
6,30,4.9494,-9.8345,-4.412,0.0,0.0,820
7,30,-1.7941,11.0363,-4.3861,8.6871,2.351,817
8,30,7.9206,-31.2593,-1.2706,12.3415,1.6689,821
9,30,7.2961,-17.412,-4.412,0.4632,-0.3669,820
10,30,-10.1676,-4.516,0.2828,0.0,0.0,161
11,30,10.3087,-27.1396,-4.412,2.2922,-1.3804,820
12,30,-19.1374,-7.1234,0.2828,1.7092,-1.635,161
17,30,16.085,4.6875,-2.978,7.2327,-4.5,163
18,30,14.9024,-41.9727,-4.412,5.5949,-1.5836,820
19,30,-5.2226,10.2341,-1.2449,0.0,0.0,818
21,30,-48.3464,-15.6141,0.2828,6.6892,-2.1735,161
23,30,21.9143,-64.6144,-4.412,9.7019,-2.5318,820
24,30,27.1083,-81.3923,-4.4122,9.8928,-2.0587,820
0,31,18.665,-65.9773,-1.2706,16.9781,2.1518,821
1,31,172.6883,-1.0011,-0.7605,26.7768,1.3951,164
5,31,120.4651,18.3902,0.1647,21.8244,2.1363,164
6,31,4.9494,-9.8345,-4.412,0.0,0.0,820
7,31,-2.0778,11.8726,-4.3865,8.8315,1.4444,817
8,31,8.2927,-32.4618,-1.2706,12.5884,2.4684,821
9,31,7.2839,-17.3726,-4.412,0.4129,-0.5034,820
10,31,-10.1676,-4.516,0.2828,0.0,0.0,161
11,31,10.2456,-26.9361,-4.412,2.131,-1.6121,820
12,31,-18.9868,-7.0796,0.2828,1.5677,-1.4154,161
17,31,15.4158,4.5771,-2.978,6.7827,-4.5,163
18,31,14.7436,-41.4601,-4.412,5.3663,-2.2854,820
19,31,-5.2226,10.2341,-1.2449,0.0,0.0,818
21,31,-47.711,-15.4294,0.2828,6.6166,-0.726,161
23,31,21.6331,-63.7065,-4.412,9.5034,-1.9844,820
24,31,26.8193,-80.4587,-4.4122,9.773,-1.1977,820
0,32,19.172,-67.6153,-1.2706,17.1467,1.6859,821
1,32,174.6453,-2.863,-0.7605,27.0123,2.3546,164
5,32,122.6388,18.7272,0.155,21.9994,1.7495,164
6,32,4.9494,-9.8345,-4.412,0.0,0.0,820
7,32,-2.3685,12.733,-4.3865,9.0827,2.5117,817
8,32,8.6689,-33.6773,-1.2706,12.7228,1.3438,821
9,32,7.2726,-17.3361,-4.412,0.3816,-0.3128,820
10,32,-10.1676,-4.516,0.2828,0.0,0.0,161
11,32,10.1834,-26.735,-4.412,2.1047,-0.2627,820
12,32,-18.8463,-7.0388,0.2828,1.4634,-1.0424,161
17,32,14.791,4.474,-2.978,6.333,-4.4963,163
18,32,14.588,-40.9576,-4.412,5.2606,-1.0566,820
19,32,-5.2226,10.2341,-1.2449,0.0,0.0,818
21,32,-47.1066,-15.2536,0.2828,6.295,-3.2154,161
23,32,21.3583,-62.819,-4.412,9.2903,-2.1312,820
24,32,26.5345,-79.5387,-4.4122,9.6299,-1.4309,820
0,33,19.6848,-69.2716,-1.2705,17.3381,1.9144,821
1,33,176.6272,-4.7281,-0.7545,27.2175,2.0524,164
5,33,124.8368,19.0679,0.1453,22.2434,2.4403,164
6,33,4.9494,-9.8345,-4.412,0.0,0.0,820
7,33,-2.6642,13.6082,-4.3865,9.2378,1.5511,817
8,33,9.052,-34.9151,-1.2706,12.9572,2.3445,821
9,33,7.2625,-17.3036,-4.412,0.3398,-0.418,820
10,33,-10.1676,-4.516,0.2828,0.0,0.0,161
11,33,10.1257,-26.5487,-4.412,1.9499,-1.5486,820
12,33,-18.7158,-7.0008,0.2828,1.3588,-1.0465,161
17,33,14.1405,4.3667,-2.978,6.593,2.5999,163
18,33,14.4367,-40.4692,-4.412,5.1127,-1.4798,820
19,33,-5.2226,10.2341,-1.2449,0.0,0.0,818
21,33,-46.5071,-15.0794,0.2828,6.2426,-0.5244,161
23,33,21.0862,-61.9405,-4.412,9.1971,-0.9324,820
24,33,26.2558,-78.6382,-4.4122,9.427,-2.0286,820
0,34,20.2027,-70.9445,-1.2704,17.5124,1.7428,821
1,34,178.6341,-6.5947,-0.7421,27.4089,1.9138,164
5,34,127.051,19.3927,0.1428,22.3784,1.3502,164
6,34,4.9494,-9.8345,-4.412,0.0,0.0,820
7,34,-2.9649,14.4982,-4.3865,9.3955,1.5769,817
8,34,9.4396,-36.1677,-1.2706,13.1119,1.5471,821
9,34,7.2533,-17.274,-4.412,0.3105,-0.2923,820
10,34,-10.1676,-4.516,0.2828,0.0,0.0,161
11,34,10.0711,-26.3726,-4.412,1.8438,-1.0602,820
12,34,-18.5961,-6.966,0.2828,1.247,-1.1179,161
17,34,13.4643,4.2551,-2.978,6.853,2.5999,163
18,34,14.2911,-39.999,-4.412,4.9214,-1.912,820
19,34,-5.2226,10.2341,-1.2449,0.0,0.0,818
21,34,-45.9287,-14.9113,0.2828,6.0238,-2.1881,161
23,34,20.8228,-61.0898,-4.412,8.9053,-2.9176,820
24,34,25.9776,-77.7396,-4.4122,9.4054,-0.2165,820
0,35,20.7274,-72.6389,-1.2704,17.7375,2.2512,821
1,35,180.6721,-8.4621,-0.7378,27.6419,2.3298,164
5,35,129.2834,19.7138,0.1428,22.5538,1.7534,164
6,35,4.9494,-9.8345,-4.412,0.0,0.0,820
7,35,-3.2723,15.4079,-4.3865,9.6022,2.0667,817
8,35,9.8338,-37.4415,-1.2706,13.3335,2.2157,821
9,35,7.2452,-17.2475,-4.412,0.2766,-0.3396,820
10,35,-10.1676,-4.516,0.2828,0.0,0.0,161
11,35,10.0205,-26.2091,-4.412,1.7117,-1.3217,820
12,35,-18.485,-6.9337,0.2828,1.1569,-0.9006,161
17,35,12.7625,4.1393,-2.978,7.113,2.5999,163
18,35,14.1505,-39.5448,-4.412,4.7547,-1.6671,820
19,35,-5.2226,10.2341,-1.2449,0.0,0.0,818
21,35,-45.3565,-14.7449,0.2828,5.9581,-0.6565,161
23,35,20.5655,-60.259,-4.412,8.6962,-2.0908,820
24,35,25.7072,-76.8659,-4.4122,9.1465,-2.5885,820
0,36,21.2574,-74.3506,-1.2704,17.9185,1.8099,821
1,36,182.7302,-10.3331,-0.7378,27.8147,1.7279,164
5,36,131.5295,20.0369,0.1428,22.692,1.3823,164
6,36,4.9494,-9.8345,-4.412,0.0,0.0,820
7,36,-3.5852,16.334,-4.3865,9.7768,1.7467,817
8,36,10.2336,-38.7332,-1.2706,13.5216,1.8814,821
9,36,7.2378,-17.2238,-4.412,0.2487,-0.279,820
10,36,-10.1676,-4.516,0.2828,0.0,0.0,161
11,36,9.973,-26.0558,-4.412,1.6042,-1.0744,820
12,36,-18.3814,-6.9036,0.2828,1.0786,-0.7834,161
17,36,12.0351,4.0193,-2.978,7.373,2.5999,163
18,36,14.0178,-39.1164,-4.412,4.4851,-2.696,820
19,36,-5.2226,10.2341,-1.2449,0.0,0.0,818
21,36,-44.8052,-14.5847,0.2828,5.7415,-2.1662,161
23,36,20.313,-59.4437,-4.412,8.5351,-1.6108,820
24,36,25.4391,-75.9999,-4.4122,9.0647,-0.8182,820
0,37,21.795,-76.0865,-1.2704,18.1722,2.5373,821
1,37,184.8026,-12.2172,-0.7378,28.0081,1.9343,164
5,37,133.7896,20.362,0.1428,22.8339,1.4185,164
6,37,4.9494,-9.8345,-4.412,0.0,0.0,820
7,37,-3.9061,17.2836,-4.3865,10.0234,2.4661,817
8,37,10.638,-40.04,-1.2706,13.679,1.5732,821
9,37,7.2311,-17.202,-4.412,0.2278,-0.2085,820
10,37,-10.1676,-4.516,0.2828,0.0,0.0,161
11,37,9.9285,-25.9119,-4.412,1.5064,-0.9783,820
12,37,-18.2897,-6.877,0.2828,0.9553,-1.2328,161
17,37,11.2819,3.895,-2.978,7.633,2.5999,163
18,37,13.8869,-38.6938,-4.412,4.424,-0.6114,820
19,37,-5.2226,10.2341,-1.2449,0.0,0.0,818
21,37,-44.2683,-14.4286,0.2828,5.5918,-1.4969,161
23,37,20.0662,-58.6467,-4.412,8.3428,-1.9234,820
24,37,25.1741,-75.1437,-4.4122,8.9625,-1.0216,820
0,38,22.3377,-77.8386,-1.2704,18.3418,1.6958,821
1,38,186.8936,-14.1183,-0.7378,28.2605,2.5242,164
5,38,136.0727,20.6347,0.1207,23.0371,2.0318,164
6,38,4.9494,-9.8345,-4.412,0.0,0.0,820
7,38,-4.2326,18.2499,-4.3865,10.2006,1.7712,817
8,38,11.0476,-41.3636,-1.2706,13.855,1.76,821
9,38,7.2249,-17.1822,-4.412,0.2076,-0.2024,820
10,38,-10.1676,-4.516,0.2828,0.0,0.0,161
11,38,9.8876,-25.7799,-4.412,1.3817,-1.2471,820
12,38,-18.2064,-6.8527,0.2828,0.8673,-0.88,161
17,38,10.5032,3.7662,-2.9779,7.893,2.5999,163
18,38,13.7644,-38.2983,-4.412,4.1393,-2.8468,820
19,38,-5.2226,10.2341,-1.2449,0.0,0.0,818
21,38,-43.742,-14.2756,0.2828,5.4798,-1.1193,161
23,38,19.8236,-57.8636,-4.412,8.1986,-1.4419,820
24,38,24.9154,-74.3082,-4.4122,8.7462,-2.1632,820
0,39,22.8868,-79.6118,-1.2704,18.5629,2.2109,821
1,39,188.9987,-16.0321,-0.7378,28.4501,1.8952,164
5,39,138.3687,20.7586,0.0381,23.1757,1.3867,164
6,39,4.9494,-9.8345,-4.412,0.0,0.0,820
7,39,-4.5665,19.2382,-4.3865,10.432,2.3146,817
8,39,11.4631,-42.7061,-1.2706,14.0535,1.9855,821
9,39,7.2194,-17.1644,-4.412,0.1865,-0.2108,820
10,39,-10.1676,-4.516,0.2828,0.0,0.0,161
11,39,9.849,-25.6554,-4.412,1.304,-0.7769,820
12,39,-18.128,-6.83,0.2828,0.8157,-0.5157,161
17,39,9.7052,3.6308,-2.9764,8.0963,2.0332,163
18,39,13.6445,-37.911,-4.412,4.0551,-0.8422,820
19,39,-5.2226,10.2341,-1.2449,0.0,0.0,818
21,39,-43.2296,-14.1267,0.2828,5.3368,-1.4308,161
23,39,19.5899,-57.109,-4.412,7.899,-2.9962,820
24,39,24.6577,-73.4754,-4.4122,8.7172,-0.2897,820
0,40,23.443,-81.4079,-1.2704,18.8014,2.3846,821
1,40,191.1173,-17.9581,-0.7378,28.6321,1.8198,164
5,40,140.6881,20.7501,-0.0688,23.3439,1.6819,164
6,40,4.9494,-9.8345,-4.412,0.0,0.0,820
7,40,-4.9063,20.244,-4.3865,10.6172,1.8517,817
8,40,11.883,-44.0629,-1.2706,14.2023,1.4877,821
9,40,7.2145,-17.1486,-4.412,0.1654,-0.2113,820
10,40,-10.1676,-4.516,0.2828,0.0,0.0,161
11,40,9.8133,-25.5401,-4.412,1.2069,-0.9705,820
12,40,-18.0555,-6.8089,0.2828,0.7556,-0.601,161
17,40,8.8839,3.4914,-2.9749,8.3323,2.3593,163
18,40,13.531,-37.5445,-4.412,3.836,-2.1911,820
19,40,-5.2226,10.2341,-1.2449,0.0,0.0,818
21,40,-42.7284,-13.981,0.2828,5.2196,-1.1713,161
23,40,19.3615,-56.3713,-4.412,7.7219,-1.7703,820
24,40,24.4069,-72.6653,-4.4122,8.48,-2.3727,820
0,41,24.0057,-83.2246,-1.2704,19.0182,2.168,821
1,41,193.2497,-19.8968,-0.7378,28.8192,1.8715,164
5,41,143.0224,20.503,-0.1509,23.5692,2.2527,164
6,41,4.9494,-9.8345,-4.412,0.0,0.0,820
7,41,-5.2519,21.2666,-4.3865,10.7953,1.7813,817
8,41,12.3085,-45.4379,-1.2706,14.3938,1.9149,821
9,41,7.2101,-17.1343,-4.412,0.1491,-0.1627,820
10,41,-10.1676,-4.516,0.2828,0.0,0.0,161
11,41,9.7787,-25.4283,-4.412,1.1701,-0.368,820
12,41,-17.9906,-6.79,0.2828,0.6757,-0.799,161
17,41,8.0373,3.3477,-2.9733,8.5889,2.5662,1985
18,41,13.4202,-37.1867,-4.412,3.746,-0.8995,820
19,41,-5.2226,10.2341,-1.2449,0.0,0.0,818
21,41,-42.2441,-13.8402,0.2828,5.0433,-1.7632,161
23,41,19.1398,-55.6554,-4.412,7.4949,-2.27,820
24,41,24.1598,-71.867,-4.4122,8.3562,-1.2378,820
0,42,24.5753,-85.0641,-1.2704,19.2567,2.3849,821
1,42,195.3951,-21.8473,-0.7378,28.9955,1.7629,164
5,42,145.3554,20.0648,-0.2259,23.8058,2.3663,164
6,42,4.9494,-9.8345,-4.412,0.0,0.0,820
7,42,-5.6056,22.3135,-4.3865,11.0503,2.5492,817
8,42,12.7405,-46.8338,-1.2706,14.6113,2.1746,821
9,42,7.206,-17.1213,-4.412,0.1367,-0.1232,820
10,42,-10.1676,-4.516,0.2828,0.0,0.0,161
11,42,9.7464,-25.3241,-4.412,1.0905,-0.7962,820
12,42,-17.9306,-6.7726,0.2828,0.6251,-0.5063,161
17,42,7.1799,3.1877,-2.966,8.7278,1.3889,1985
18,42,13.3137,-36.8428,-4.412,3.5997,-1.4626,820
19,42,-5.2226,10.2341,-1.2449,0.0,0.0,818
21,42,-41.7717,-13.7029,0.2828,4.9192,-1.2406,161
23,42,18.9212,-54.9497,-4.412,7.3872,-1.0775,820
24,42,23.9186,-71.0876,-4.4122,8.1584,-1.9782,820
0,43,25.1492,-86.9171,-1.2704,19.3978,1.4109,821
5,43,147.6647,19.4512,-0.2985,23.9806,1.7477,164
6,43,4.9494,-9.8345,-4.412,0.0,0.0,820
7,43,-5.9641,23.3743,-4.3865,11.1985,1.482,817
8,43,13.1773,-48.2451,-1.2706,14.7734,1.6215,821
9,43,7.2023,-17.1092,-4.412,0.1262,-0.1058,820
10,43,-10.1676,-4.516,0.2828,0.0,0.0,161
11,43,9.7175,-25.2309,-4.412,0.9756,-1.1492,820
12,43,-17.8784,-6.7574,0.2828,0.5434,-0.8169,161
17,43,6.3041,3.0233,-2.9581,8.9164,1.8854,1985
18,43,13.2127,-36.5169,-4.412,3.4115,-1.8825,820
19,43,-5.2226,10.2341,-1.2449,0.0,0.0,818
21,43,-41.3098,-13.5686,0.2828,4.8099,-1.0932,161
23,43,18.7092,-54.265,-4.412,7.1675,-2.1962,820
24,43,23.68,-70.3171,-4.4121,8.0655,-0.9287,820
0,44,25.7296,-88.7914,-1.2704,19.6209,2.2307,821
5,44,149.9275,18.6492,-0.3721,24.1272,1.4664,164
6,44,4.9494,-9.8345,-4.412,0.0,0.0,820
7,44,-6.3293,24.4554,-4.3865,11.412,2.1348,817
8,44,13.6179,-49.669,-1.2706,14.9048,1.3132,821
9,44,7.199,-17.0984,-4.412,0.1132,-0.1294,820
10,44,-10.1676,-4.516,0.2828,0.0,0.0,161
11,44,9.6899,-25.1415,-4.412,0.9359,-0.3971,820
12,44,-17.8304,-6.7435,0.2828,0.4995,-0.4387,161
17,44,5.4149,2.8552,-2.9506,9.0532,1.3679,1985
18,44,13.1147,-36.2004,-4.412,3.313,-0.9843,820
19,44,-5.2226,10.2341,-1.2449,0.0,0.0,818
21,44,-40.8638,-13.439,0.2828,4.6446,-1.6532,161
23,44,18.504,-53.6025,-4.412,6.9348,-2.3277,820
24,44,23.445,-69.558,-4.4121,7.9464,-1.1903,820
0,45,26.3174,-90.6891,-1.2704,19.8669,2.4601,821
5,45,152.1199,17.6484,-0.4695,24.2804,1.5313,164
6,45,4.9494,-9.8345,-4.412,0.0,0.0,820
7,45,-6.7028,25.5606,-4.3865,11.6666,2.5463,817
8,45,14.064,-51.1102,-1.2706,15.0863,1.8158,821
9,45,7.196,-17.0887,-4.412,0.1016,-0.1158,820
10,45,-10.1676,-4.516,0.2828,0.0,0.0,161
11,45,9.6649,-25.061,-4.412,0.8431,-0.9271,820
12,45,-17.7851,-6.7303,0.2828,0.4717,-0.2777,161
17,45,4.5062,2.6803,-2.9441,9.2566,2.034,1985
18,45,13.0211,-35.8981,-4.412,3.1643,-1.4874,820
19,45,-5.2226,10.2341,-1.2449,0.0,0.0,818
21,45,-40.4286,-13.3124,0.2828,4.5323,-1.1227,161
23,45,18.304,-52.9568,-4.412,6.7595,-1.7524,820
24,45,23.2173,-68.8225,-4.4121,7.6991,-2.4735,820
0,46,26.9123,-92.6103,-1.2704,20.1117,2.4478,821
5,46,154.2087,16.4253,-0.5866,24.4296,1.4921,164
6,46,4.9494,-9.8345,-4.412,0.0,0.0,820
7,46,-7.0806,26.6788,-4.3865,11.8036,1.3706,817
8,46,14.5147,-52.5667,-1.2706,15.2459,1.5956,821
9,46,7.1933,-17.0799,-4.412,0.0912,-0.1043,820
10,46,-10.1676,-4.516,0.2828,0.0,0.0,161
11,46,9.6419,-24.9867,-4.412,0.7776,-0.655,820
12,46,-17.7454,-6.7187,0.2828,0.4136,-0.5816,161
17,46,3.578,2.5017,-2.9375,9.4535,1.9698,1985
18,46,12.9319,-35.61,-4.412,3.016,-1.4827,820
19,46,-5.2226,10.2341,-1.2449,0.0,0.0,818
21,46,-40.0085,-13.1903,0.2828,4.3744,-1.5794,161
23,46,18.1081,-52.3243,-4.412,6.6215,-1.3803,820
24,46,22.9912,-68.0924,-4.4121,7.643,-0.5606,820
0,47,27.5121,-94.547,-1.2704,20.2734,1.6178,821
5,47,156.2082,15.0091,-0.6779,24.5716,1.4197,164
6,47,4.9494,-9.8345,-4.412,0.0,0.0,820
7,47,-7.4637,27.8125,-4.3865,11.9671,1.6346,817
8,47,14.9698,-54.037,-1.2706,15.3914,1.455,821
9,47,7.1909,-17.0723,-4.412,0.0795,-0.1168,820
10,47,-10.1676,-4.516,0.2828,0.0,0.0,161
11,47,9.62,-24.9159,-4.412,0.7406,-0.3706,820
12,47,-17.7083,-6.708,0.2828,0.3856,-0.2796,161
17,47,2.6313,2.3114,-2.9339,9.6589,2.0535,2819
18,47,12.8496,-35.3444,-4.412,2.7801,-2.3587,820
19,47,-5.2226,10.2341,-1.2449,0.0,0.0,818
21,47,-39.614,-13.0757,0.2828,4.1088,-2.6554,161
23,47,17.9188,-51.7128,-4.412,6.4008,-2.2071,820
24,47,22.7704,-67.3792,-4.4121,7.4652,-1.7783,820
0,48,28.1163,-96.498,-1.2704,20.4244,1.5094,821
5,48,158.0934,13.4069,-0.7357,24.7833,2.1173,164
6,48,4.9494,-9.8345,-4.412,0.0,0.0,820
7,48,-7.8548,28.97,-4.3865,12.2193,2.5219,817
8,48,15.4317,-55.5296,-1.2706,15.624,2.3259,821
9,48,7.1887,-17.0652,-4.412,0.0753,-0.0425,820
10,48,-10.1676,-4.516,0.2828,0.0,0.0,161
11,48,9.6002,-24.852,-4.412,0.6694,-0.7112,820
12,48,-17.6752,-6.6983,0.2828,0.3453,-0.4032,161
17,48,1.6649,2.1078,-2.9339,9.8772,2.1833,2819
18,48,12.7704,-35.0886,-4.412,2.678,-1.0216,820
19,48,-5.2226,10.2341,-1.2449,0.0,0.0,818
21,48,-39.2207,-12.9613,0.2828,4.095,-0.1386,161
23,48,17.7362,-51.1232,-4.412,6.172,-2.2874,820
24,48,22.5537,-66.6793,-4.412,7.3274,-1.3774,820
0,49,28.7281,-98.4734,-1.2704,20.6798,2.5538,821
5,49,159.9268,11.715,-0.7718,24.9619,1.7859,164
6,49,4.9494,-9.8345,-4.412,0.0,0.0,820
7,49,-8.2519,30.1452,-4.3865,12.4052,1.8584,817
8,49,15.8975,-57.0349,-1.2706,15.7566,1.3263,821
9,49,7.1867,-17.0587,-4.412,0.0671,-0.081,820
10,49,-10.1676,-4.516,0.2828,0.0,0.0,161
11,49,9.5824,-24.7946,-4.412,0.6008,-0.686,820
12,49,-17.6458,-6.6898,0.2828,0.3058,-0.3953,161
17,49,0.6785,1.8955,-2.9322,10.0943,2.1705,2819
18,49,12.6933,-34.8396,-4.412,2.607,-0.7101,820
19,49,-5.2226,10.2341,-1.2449,0.0,0.0,818
21,49,-38.8499,-12.8536,0.2828,3.8614,-2.3357,161
23,49,17.556,-50.5413,-4.412,6.0921,-0.7988,820
24,49,22.3422,-65.9962,-4.412,7.1501,-1.773,820
0,50,29.3471,-100.4722,-1.2704,20.924,2.4421,821
5,50,161.6972,9.9325,-0.7985,25.1341,1.7216,164
6,50,4.9494,-9.8345,-4.412,0.0,0.0,820
7,50,-8.6537,31.3344,-4.3865,12.5528,1.4767,817
8,50,16.3677,-58.5542,-1.2706,15.9045,1.4788,821
9,50,7.1849,-17.053,-4.412,0.0601,-0.0704,820
10,50,-10.1676,-4.516,0.2828,0.0,0.0,161
11,50,9.5657,-24.7406,-4.412,0.5652,-0.3562,820
12,50,-17.6196,-6.6822,0.2828,0.273,-0.328,161
17,50,-0.326,1.6574,-2.9218,10.3342,2.3992,2819
18,50,12.6211,-34.6066,-4.412,2.4384,-1.6854,820
19,50,-5.2226,10.2341,-1.2449,0.0,0.0,818
21,50,-38.4932,-12.7499,0.2828,3.7152,-1.4616,161
23,50,17.3803,-49.9742,-4.412,5.9364,-1.5572,820
24,50,22.1322,-65.3181,-4.412,7.0986,-0.5156,820
0,51,29.9704,-102.4848,-1.2704,21.0682,1.4416,821
5,51,163.4671,8.1145,-0.8153,25.3729,2.3883,164
6,51,4.9494,-9.8345,-4.412,0.0,0.0,820
7,51,-9.0637,32.5478,-4.3865,12.8084,2.5553,817
8,51,16.8426,-60.0888,-1.2706,16.0631,1.5855,821
9,51,7.1833,-17.0477,-4.412,0.0554,-0.0469,820
10,51,-10.1676,-4.516,0.2828,0.0,0.0,161
11,51,9.55,-24.6901,-4.412,0.5287,-0.365,820
12,51,-17.5952,-6.6751,0.2828,0.2536,-0.1937,161
17,51,-1.3535,1.4138,-2.9111,10.5676,2.3339,2816
18,51,12.5546,-34.3918,-4.412,2.2494,-1.8897,820
19,51,-5.2226,10.2341,-1.2449,0.0,0.0,818
21,51,-38.1452,-12.6487,0.2828,3.624,-0.9126,161
23,51,17.2139,-49.4368,-4.412,5.6255,-3.1087,820
24,51,21.9255,-64.6505,-4.412,6.9887,-1.0984,820
0,52,30.5994,-104.5158,-1.2704,21.2612,1.9303,821
5,52,165.2332,6.2607,-0.8094,25.6107,2.3781,164
6,52,4.9494,-9.8345,-4.412,0.0,0.0,820
7,52,-9.4783,33.7749,-4.3865,12.9543,1.4595,817
8,52,17.3237,-61.6433,-1.2706,16.2723,2.0923,821
9,52,7.1818,-17.0431,-4.412,0.0479,-0.0751,820
10,52,-10.1676,-4.516,0.2828,0.0,0.0,161
11,52,9.5361,-24.6449,-4.412,0.4724,-0.5626,820
12,52,-17.5735,-6.6688,0.2828,0.2268,-0.2675,161
17,52,-2.3977,1.1662,-2.9003,10.7367,1.6914,2816
18,52,12.4892,-34.1806,-4.412,2.21,-0.3944,820
19,52,-5.2226,10.2341,-1.2449,0.0,0.0,818
21,52,-37.811,-12.5515,0.2828,3.4805,-1.4347,161
23,52,17.0505,-48.9091,-4.412,5.5242,-1.0132,820
24,52,21.7236,-63.9987,-4.412,6.8233,-1.6548,820
0,53,31.2325,-106.5601,-1.2704,21.401,1.3982,821
5,53,167.0542,4.4304,-0.7811,25.8341,2.2338,164
6,53,4.9494,-9.8345,-4.412,0.0,0.0,820
7,53,-9.9004,35.0241,-4.3865,13.1863,2.3198,817
8,53,17.8107,-63.2169,-1.2706,16.4724,2.0009,821
9,53,7.1806,-17.039,-4.412,0.0432,-0.0469,820
10,53,-10.1676,-4.516,0.2828,0.0,0.0,161
11,53,9.5229,-24.6024,-4.412,0.4454,-0.2703,820
12,53,-17.5541,-6.6632,0.2828,0.2011,-0.2568,161
17,53,-3.4597,0.9144,-2.8893,10.9162,1.7949,2816
18,53,12.4293,-33.9872,-4.412,2.0249,-1.8512,820
19,53,-5.2226,10.2341,-1.2449,0.0,0.0,818
21,53,-37.4866,-12.4573,0.2828,3.3776,-1.0289,161
23,53,16.8944,-48.4052,-4.412,5.2744,-2.4986,820
24,53,21.5273,-63.3646,-4.412,6.6372,-1.8602,820
0,54,31.8711,-108.6221,-1.2704,21.5855,1.8443,821
5,54,168.9074,2.5961,-0.7605,26.0756,2.4149,164
6,54,4.9494,-9.8345,-4.412,0.0,0.0,820
7,54,-10.3306,36.2973,-4.3865,13.4396,2.5334,817
8,54,18.3047,-64.8132,-1.2706,16.7095,2.3705,821
9,54,7.1794,-17.0352,-4.412,0.0392,-0.04,820
10,54,-10.1676,-4.516,0.2828,0.0,0.0,161
11,54,9.5111,-24.5642,-4.412,0.3996,-0.4581,820
12,54,-17.5361,-6.6579,0.2828,0.1876,-0.1355,161
17,54,-4.5423,0.6437,-2.8836,11.1606,2.444,2817
18,54,12.372,-33.8021,-4.412,1.9374,-0.8743,820
19,54,-5.2226,10.2341,-1.2449,0.0,0.0,818
21,54,-37.1779,-12.3675,0.2828,3.215,-1.6256,161
23,54,16.7427,-47.9151,-4.412,5.1304,-1.4397,820
24,54,21.3346,-62.7426,-4.412,6.5111,-1.2612,820
0,55,32.5144,-110.6992,-1.2704,21.7449,1.5947,821
5,55,170.8098,0.786,-0.7605,26.2591,1.8353,164
6,55,4.9494,-9.8345,-4.412,0.0,0.0,820
7,55,-10.7671,37.5891,-4.3865,13.6363,1.9661,817
8,55,18.8046,-66.4285,-1.2706,16.9089,1.9945,821
9,55,7.1783,-17.0318,-4.412,0.0359,-0.0324,820
10,55,-10.1676,-4.516,0.2828,0.0,0.0,161
11,55,9.4999,-24.528,-4.412,0.379,-0.2057,820
12,55,-17.52,-6.6532,0.2828,0.1682,-0.1937,161
17,55,-5.6426,0.3534,-2.8836,11.3817,2.2104,2817
18,55,12.3187,-33.63,-4.412,1.8022,-1.3524,820
19,55,-5.2226,10.2341,-1.2449,0.0,0.0,818
21,55,-36.883,-12.2818,0.2828,3.0714,-1.4366,161
23,55,16.595,-47.4384,-4.412,4.9905,-1.3989,820
24,55,21.1462,-62.1341,-4.412,6.3708,-1.4033,820
0,56,33.1637,-112.796,-1.2704,21.95,2.0505,821
5,56,172.7277,-1.0386,-0.7605,26.4723,2.1318,164
6,56,4.9494,-9.8345,-4.412,0.0,0.0,820
7,56,-11.2092,38.8975,-4.3865,13.8115,1.7518,817
8,56,19.3107,-68.0632,-1.2706,17.1121,2.0318,821
9,56,7.1774,-17.0286,-4.412,0.0329,-0.0305,820
10,56,-10.1676,-4.516,0.2828,0.0,0.0,161
11,56,9.4897,-24.4952,-4.412,0.343,-0.3599,820
12,56,-17.5058,-6.6491,0.2828,0.1479,-0.2027,161
17,56,-6.7602,0.0515,-2.8809,11.5786,1.9692,2817
18,56,12.2664,-33.4612,-4.412,1.7666,-0.3564,820
19,56,-5.2226,10.2341,-1.2449,0.0,0.0,818
21,56,-36.5908,-12.1969,0.2828,3.0424,-0.2899,161
23,56,16.4543,-46.984,-4.412,4.7564,-2.3403,820
24,56,20.9606,-61.5348,-4.412,6.2732,-0.9756,820
0,57,33.8176,-114.9074,-1.2704,22.1027,1.5268,821
5,57,174.6634,-2.8802,-0.7605,26.7178,2.4547,164
6,57,4.9494,-9.8345,-4.412,0.0,0.0,820
7,57,-11.6584,40.2272,-4.3865,14.036,2.2454,817
8,57,19.8227,-69.717,-1.2705,17.3125,2.0036,821
9,57,7.1765,-17.0258,-4.412,0.0297,-0.0314,820
10,57,-10.1676,-4.516,0.2828,0.0,0.0,161
11,57,9.4805,-24.4654,-4.412,0.3122,-0.3081,820
12,57,-17.4928,-6.6453,0.2828,0.1346,-0.1336,161
17,57,-7.8912,-0.2618,-2.8751,11.7375,1.5889,2817
18,57,12.2195,-33.3099,-4.412,1.584,-1.825,820
19,57,-5.2226,10.2341,-1.2449,0.0,0.0,818
21,57,-36.3165,-12.1171,0.2828,2.8563,-1.861,161
23,57,16.3182,-46.5446,-4.412,4.5995,-1.5699,820
24,57,20.7821,-60.9583,-4.412,6.0344,-2.388,820
0,58,34.4777,-117.0388,-1.2704,22.3126,2.0989,821
5,58,176.62,-4.7214,-0.7546,26.8697,1.5195,164
6,58,4.9494,-9.8345,-4.412,0.0,0.0,820
7,58,-12.1137,41.5747,-4.3865,14.2243,1.8827,817
8,58,20.3399,-71.3878,-1.2704,17.4898,1.7733,821
9,58,7.1757,-17.0233,-4.412,0.0258,-0.0394,820
10,58,-10.1676,-4.516,0.2828,0.0,0.0,161
11,58,9.4723,-24.4391,-4.412,0.2749,-0.3734,820
12,58,-17.4809,-6.6419,0.2828,0.1241,-0.1048,161
17,58,-9.0397,-0.58,-2.8692,11.9186,1.8104,160
18,58,12.1738,-33.1621,-4.412,1.5472,-0.368,820
19,58,-5.2226,10.2341,-1.2449,0.0,0.0,818
21,58,-36.0537,-12.0407,0.2828,2.7371,-1.1919,161
23,58,16.1876,-46.1229,-4.412,4.4151,-1.8433,820
24,58,20.608,-60.3964,-4.412,5.8822,-1.5215,820
0,59,35.1441,-119.1907,-1.2704,22.5265,2.1393,821
5,59,178.6039,-6.5666,-0.7423,27.0947,2.2496,164
6,59,4.9494,-9.8345,-4.412,0.0,0.0,820
7,59,-12.5769,42.9453,-4.3865,14.4688,2.4452,817
8,59,20.8612,-73.0712,-1.2704,17.6225,1.3267,821
9,59,7.175,-17.0211,-4.412,0.0233,-0.0248,820
10,59,-10.1676,-4.516,0.2828,0.0,0.0,161
11,59,9.4648,-24.4148,-4.412,0.2548,-0.2007,820
12,59,-17.4703,-6.6388,0.2828,0.1105,-0.1355,161
17,59,-10.2104,-0.9044,-2.8632,12.1477,2.2911,160
18,59,12.1308,-33.0234,-4.412,1.452,-0.9526,820
19,59,-5.2226,10.2341,-1.2449,0.0,0.0,818
21,59,-35.7949,-11.9655,0.2828,2.6954,-0.4166,161
23,59,16.0589,-45.7073,-4.412,4.3503,-0.6477,820
24,59,20.4377,-59.8465,-4.412,5.7564,-1.2581,820
0,60,35.8165,-121.362,-1.2704,22.7309,2.0434,821
5,60,180.6165,-8.4115,-0.7378,27.3032,2.0847,164
6,60,4.9494,-9.8345,-4.412,0.0,0.0,820
7,60,-13.0458,44.3333,-4.3865,14.6511,1.8232,817
8,60,21.3876,-74.7709,-1.2704,17.7928,1.7031,821
9,60,7.1744,-17.0191,-4.412,0.0211,-0.022,820
10,60,-10.1676,-4.516,0.2828,0.0,0.0,161
11,60,9.458,-24.3928,-4.412,0.2296,-0.2521,820
12,60,-17.4604,-6.6359,0.2828,0.1028,-0.0775,161
17,60,-11.3943,-1.2371,-2.8589,12.296,1.4827,160
18,60,12.092,-32.8979,-4.412,1.3128,-1.3916,820
19,60,-5.2226,10.2341,-1.2449,0.0,0.0,818
21,60,-35.5564,-11.8962,0.2828,2.4834,-2.1197,161
23,60,15.9359,-45.3101,-4.412,4.1577,-1.9262,820
24,60,20.2684,-59.2999,-4.412,5.7224,-0.3397,820
0,61,36.4952,-123.5534,-1.2704,22.9395,2.0864,821
5,61,182.6559,-10.2656,-0.7378,27.5629,2.5974,164
6,61,4.9494,-9.8345,-4.412,0.0,0.0,820
7,61,-13.5218,45.7422,-4.3865,14.8722,2.2104,817
8,61,21.9214,-76.4944,-1.2704,18.0424,2.4959,821
9,61,7.1738,-17.0172,-4.412,0.0195,-0.0165,820
10,61,-10.1676,-4.516,0.2828,0.0,0.0,161
11,61,9.4517,-24.3724,-4.412,0.2143,-0.1525,820
12,61,-17.4515,-6.6333,0.2828,0.093,-0.0974,161
17,61,-12.5898,-1.5843,-2.8589,12.4488,1.5284,160
18,61,12.055,-32.7785,-4.412,1.2498,-0.6299,820
19,61,-5.2226,10.2341,-1.2449,0.0,0.0,818
21,61,-35.33,-11.8304,0.2828,2.3577,-1.257,161
23,61,15.8198,-44.9351,-4.412,3.9256,-2.321,820
24,61,20.104,-58.769,-4.412,5.5572,-1.6527,820
0,62,37.1782,-125.759,-1.2704,23.0897,1.5019,821
5,62,184.7069,-12.1303,-0.7378,27.719,1.5602,164
6,62,4.9494,-9.8345,-4.412,0.0,0.0,820
7,62,-14.0041,47.1697,-4.3866,15.0693,1.9714,817
8,62,22.4619,-78.2398,-1.2704,18.2719,2.2955,821
9,62,7.1733,-17.0155,-4.412,0.0177,-0.0177,820
10,62,-10.1676,-4.516,0.2828,0.0,0.0,161
11,62,9.446,-24.3542,-4.412,0.1903,-0.2405,820
12,62,-17.4436,-6.631,0.2828,0.0824,-0.1064,161
17,62,-13.7992,-1.9356,-2.8589,12.5927,1.4391,160
18,62,12.0204,-32.6668,-4.412,1.1695,-0.8033,820
19,62,-5.2226,10.2341,-1.2449,0.0,0.0,818
21,62,-35.1048,-11.7649,0.2828,2.3446,-0.131,161
23,62,15.7072,-44.5717,-4.412,3.8039,-1.2174,820
24,62,19.9428,-58.2484,-4.412,5.45,-1.0716,820
5,63,186.7685,-14.0045,-0.7378,27.8624,1.4344,164
6,63,4.9494,-9.8345,-4.412,0.0,0.0,820
7,63,-14.4931,48.6173,-4.3866,15.2802,2.1087,817
8,63,23.0089,-80.0059,-1.2704,18.488,2.1603,821
9,63,7.1728,-17.014,-4.412,0.016,-0.017,820
10,63,-10.1676,-4.516,0.2828,0.0,0.0,161
11,63,9.4407,-24.337,-4.412,0.18,-0.103,820
12,63,-17.4363,-6.6289,0.2828,0.0752,-0.0722,161
17,63,-15.0215,-2.2906,-2.8589,12.7272,1.3445,160
18,63,11.9891,-32.5658,-4.412,1.0577,-1.1178,820
19,63,-5.2226,10.2341,-1.2449,0.0,0.0,818
21,63,-34.8996,-11.7053,0.2828,2.1372,-2.0743,161
23,63,15.6012,-44.2295,-4.412,3.583,-2.2088,820
24,63,19.7854,-57.74,-4.412,5.3219,-1.2807,820
5,64,188.8487,-15.8957,-0.7378,28.113,2.5056,164
6,64,4.9494,-9.8345,-4.412,0.0,0.0,820
7,64,-14.9893,50.086,-4.3866,15.5034,2.2321,817
8,64,23.5621,-81.7922,-1.2704,18.6997,2.1169,821
9,64,7.1724,-17.0127,-4.412,0.0139,-0.0211,820
10,64,-10.1676,-4.516,0.2828,0.0,0.0,161
11,64,9.436,-24.3217,-4.412,0.1598,-0.2013,820
12,64,-17.4301,-6.6271,0.2828,0.0652,-0.0998,161
17,64,-16.2665,-2.6522,-2.8589,12.9639,2.3671,160
18,64,11.9598,-32.4712,-4.412,0.99,-0.6769,820
19,64,-5.2226,10.2341,-1.2449,0.0,0.0,818
21,64,-34.7016,-11.6477,0.2828,2.062,-0.7518,161
23,64,15.4992,-43.9001,-4.412,3.4482,-1.3478,820
24,64,19.6358,-57.2572,-4.412,5.0543,-2.6758,820
5,65,190.9391,-17.7961,-0.7378,28.252,1.3905,164
6,65,4.9494,-9.8345,-4.412,0.0,0.0,820
7,65,-15.4937,51.5793,-4.3866,15.7633,2.5985,817
8,65,24.1214,-83.5985,-1.2704,18.9087,2.0907,821
9,65,7.172,-17.0114,-4.412,0.0131,-0.0072,820
10,65,-10.1676,-4.516,0.2828,0.0,0.0,161
11,65,9.4317,-24.308,-4.412,0.1436,-0.1626,820
12,65,-17.4242,-6.6254,0.2828,0.0616,-0.0361,161
17,65,-17.5243,-3.0175,-2.8589,13.0974,1.3356,160
18,65,11.9312,-32.3789,-4.412,0.9662,-0.2384,820
19,65,-5.2226,10.2341,-1.2449,0.0,0.0,818
21,65,-34.5119,-11.5925,0.2828,1.9756,-0.8642,161
23,65,15.4013,-43.584,-4.412,3.3088,-1.3944,820
24,65,19.4887,-56.7822,-4.412,4.9724,-0.8199,820
5,66,193.0417,-19.7077,-0.7378,28.4161,1.6404,164
6,66,4.9494,-9.8345,-4.412,0.0,0.0,820
7,66,-16.0052,53.0936,-4.3866,15.9845,2.2129,817
8,66,24.6869,-85.4244,-1.2704,19.1147,2.0592,821
9,66,7.1717,-17.0103,-4.412,0.0118,-0.0137,820
10,66,-10.1676,-4.516,0.2828,0.0,0.0,161
11,66,9.4277,-24.295,-4.412,0.1357,-0.0782,820
12,66,-17.419,-6.6239,0.2828,0.0539,-0.0771,161
17,66,-18.7977,-3.3874,-2.8589,13.2588,1.6138,160
18,66,11.9051,-32.2944,-4.412,0.8842,-0.8199,820
19,66,-5.2226,10.2341,-1.2449,0.0,0.0,818
21,66,-34.3303,-11.5398,0.2828,1.8912,-0.844,161
23,66,15.3059,-43.2759,-4.412,3.2247,-0.8407,820
24,66,19.3438,-56.3142,-4.412,4.8983,-0.7405,820
5,67,195.1602,-21.6337,-0.7378,28.6318,2.1576,164
6,67,4.9494,-9.8345,-4.412,0.0,0.0,820
7,67,-16.5231,54.6267,-4.3866,16.1825,1.979,817
8,67,25.257,-87.2652,-1.2704,19.2705,1.5582,821
9,67,7.1714,-17.0093,-4.412,0.0104,-0.0136,820
10,67,-10.1676,-4.516,0.2828,0.0,0.0,161
11,67,9.4241,-24.2833,-4.412,0.1225,-0.1321,820
12,67,-17.4143,-6.6225,0.2828,0.0487,-0.051,161
17,67,-20.0903,-3.7628,-2.8589,13.4599,2.0105,160
18,67,11.8812,-32.2174,-4.412,0.806,-0.7814,820
19,67,-5.2226,10.2341,-1.2449,0.0,0.0,818
21,67,-34.1635,-11.4913,0.2828,1.7368,-1.5432,161
23,67,15.2156,-42.984,-4.412,3.0554,-1.6924,820
24,67,19.2034,-55.8609,-4.412,4.7454,-1.5288,820
6,68,4.9494,-9.8345,-4.412,0.0,0.0,820
7,68,-17.0469,56.1774,-4.3866,16.3695,1.87,817
8,68,25.8332,-89.1256,-1.2704,19.4753,2.048,821
9,68,7.1711,-17.0084,-4.412,0.0095,-0.0093,820
10,68,-10.1676,-4.516,0.2828,0.0,0.0,161
11,68,9.4208,-24.2727,-4.412,0.1109,-0.116,820
12,68,-17.41,-6.6213,0.2828,0.0444,-0.0436,161
17,68,-21.3985,-4.1428,-2.8589,13.6222,1.6228,160
18,68,11.8584,-32.1439,-4.412,0.7702,-0.3579,820
19,68,-5.2226,10.2341,-1.2449,0.0,0.0,818
21,68,-34.0039,-11.4449,0.2828,1.662,-0.7483,161
23,68,15.1302,-42.7083,-4.412,2.8867,-1.6875,820
24,68,19.0676,-55.4224,-4.412,4.591,-1.5444,820
6,69,4.9494,-9.8345,-4.412,0.0,0.0,820
7,69,-17.5769,57.7464,-4.3866,16.5613,1.9179,817
8,69,26.4168,-91.0102,-1.2704,19.7285,2.5318,821
9,69,7.1708,-17.0076,-4.412,0.0084,-0.0109,820
10,69,-10.1676,-4.516,0.2828,0.0,0.0,161
11,69,9.4178,-24.2631,-4.412,0.1012,-0.0974,820
12,69,-17.4061,-6.6201,0.2828,0.0407,-0.0366,161
17,69,-22.7241,-4.5278,-2.8589,13.803,1.8082,160
18,69,11.8377,-32.0768,-4.412,0.7021,-0.6811,820
19,69,-5.2226,10.2341,-1.2449,0.0,0.0,818
21,69,-33.8544,-11.4014,0.2828,1.5567,-1.0526,161
23,69,15.0471,-42.44,-4.412,2.8082,-0.7847,820
24,69,18.9363,-54.9985,-4.412,4.4367,-1.5427,820
6,70,4.9494,-9.8345,-4.412,0.0,0.0,820
7,70,-18.1136,59.3351,-4.3866,16.7698,2.0851,817
8,70,27.0056,-92.9114,-1.2704,19.9023,1.7383,821
9,70,7.1706,-17.0068,-4.412,0.0078,-0.0058,820
10,70,-10.1676,-4.516,0.2828,0.0,0.0,161
11,70,9.415,-24.2541,-4.412,0.0935,-0.0769,820
12,70,-17.4027,-6.6191,0.2828,0.0355,-0.0523,161
17,70,-24.0671,-4.9179,-2.8589,13.984,1.8104,160
18,70,11.819,-32.0166,-4.412,0.6301,-0.72,820
19,70,-5.2226,10.2341,-1.2449,0.0,0.0,818
21,70,-33.7113,-11.3598,0.2828,1.4903,-0.6641,161
23,70,14.9707,-42.1933,-4.412,2.583,-2.2516,820
24,70,18.806,-54.5777,-4.412,4.4053,-0.3137,820
6,71,4.9494,-9.8345,-4.412,0.0,0.0,820
7,71,-18.6584,60.9478,-4.3866,17.0237,2.5396,817
8,71,27.6016,-94.836,-1.2704,20.1477,2.4536,821
9,71,7.1704,-17.0061,-4.412,0.007,-0.0076,820
10,71,-10.1676,-4.516,0.2828,0.0,0.0,161
11,71,9.4126,-24.2462,-4.412,0.0827,-0.1082,820
12,71,-17.3996,-6.6182,0.2828,0.0328,-0.0271,161
17,71,-25.4254,-5.3124,-2.8589,14.1432,1.5918,160
18,71,11.8013,-31.9593,-4.412,0.6,-0.3016,820
19,71,-5.2226,10.2341,-1.2449,0.0,0.0,818
21,71,-33.5713,-11.3191,0.2828,1.4577,-0.3258,161
23,71,14.8963,-41.9533,-4.412,2.5117,-0.713,820
24,71,18.6799,-54.1703,-4.412,4.2646,-1.4067,820
6,72,4.9494,-9.8345,-4.412,0.0,0.0,820
7,72,-19.2082,62.5755,-4.3866,17.1812,1.5746,817
8,72,28.2046,-96.7831,-1.2704,20.383,2.3532,821
9,72,7.1702,-17.0055,-4.412,0.0063,-0.007,820
10,72,-10.1676,-4.516,0.2828,0.0,0.0,161
11,72,9.4103,-24.2389,-4.412,0.0762,-0.0643,820
12,72,-17.3967,-6.6174,0.2828,0.0298,-0.0293,161
17,72,-26.7987,-5.7113,-2.8589,14.3,1.5677,160
18,72,11.7848,-31.9061,-4.412,0.5561,-0.4389,820
19,72,-5.2226,10.2341,-1.2449,0.0,0.0,818
21,72,-33.443,-11.2818,0.2828,1.3365,-1.2123,161
23,72,14.8279,-41.7322,-4.412,2.3148,-1.9694,820
24,72,18.5601,-53.7836,-4.412,4.0486,-2.1604,820
6,73,4.9494,-9.8345,-4.412,0.0,0.0,820
7,73,-19.765,64.2237,-4.3866,17.3989,2.1773,817
8,73,28.8131,-98.748,-1.2704,20.5695,1.865,821
9,73,7.17,-17.005,-4.412,0.0057,-0.0062,820
10,73,-10.1676,-4.516,0.2828,0.0,0.0,161
11,73,9.4082,-24.2322,-4.412,0.0705,-0.0568,820
12,73,-17.3941,-6.6166,0.2828,0.0264,-0.0339,161
17,73,-28.189,-6.1151,-2.8589,14.4766,1.7659,160
18,73,11.77,-31.8584,-4.412,0.4997,-0.564,820
19,73,-5.2226,10.2341,-1.2449,0.0,0.0,818
21,73,-33.32,-11.2461,0.2828,1.2811,-0.5541,161
23,73,14.7612,-41.5168,-4.412,2.2542,-0.6055,820
24,73,18.4449,-53.4115,-4.412,3.8947,-1.5394,820
6,74,4.9494,-9.8345,-4.412,0.0,0.0,820
7,74,-20.3283,65.8915,-4.3866,17.6045,2.0559,817
8,74,29.4266,-100.7288,-1.2704,20.7356,1.6607,821
9,74,7.1699,-17.0045,-4.412,0.0049,-0.0078,820
10,74,-10.1676,-4.516,0.2828,0.0,0.0,161
11,74,9.4064,-24.2262,-4.412,0.0627,-0.0782,820
12,74,-17.3919,-6.616,0.2828,0.0238,-0.0265,161
17,74,-29.5994,-6.5248,-2.8589,14.6861,2.0955,160
18,74,11.7561,-31.8135,-4.412,0.4698,-0.2982,820
19,74,-5.2226,10.2341,-1.2449,0.0,0.0,818
21,74,-33.207,-11.2132,0.2828,1.1765,-1.0454,161
23,74,14.6986,-41.3147,-4.412,2.1165,-1.3773,820
24,74,18.3319,-53.0467,-4.412,3.819,-0.7563,820
6,75,4.9494,-9.8345,-4.412,0.0,0.0,820
7,75,-20.8983,67.5789,-4.3866,17.8119,2.074,817
8,75,30.0474,-102.7334,-1.2704,20.9851,2.4949,821
9,75,7.1697,-17.004,-4.412,0.0046,-0.003,820
10,75,-10.1676,-4.516,0.2828,0.0,0.0,161
11,75,9.4047,-24.2206,-4.412,0.0586,-0.041,820
12,75,-17.3898,-6.6154,0.2828,0.0216,-0.0219,161
17,75,-31.0258,-6.939,-2.8589,14.8523,1.6613,160
18,75,11.7435,-31.7728,-4.412,0.4266,-0.4321,820
19,75,-5.2226,10.2341,-1.2449,0.0,0.0,818
21,75,-33.1011,-11.1824,0.2828,1.1028,-0.7375,161
23,75,14.6404,-41.1268,-4.412,1.967,-1.4951,820
24,75,18.2219,-52.6916,-4.412,3.7167,-1.0236,820
6,76,4.9494,-9.8345,-4.412,0.0,0.0,820
7,76,-21.4761,69.2892,-4.3866,18.0532,2.4129,817
8,76,30.6749,-104.7597,-1.2704,21.2121,2.2702,821
9,76,7.1696,-17.0037,-4.412,0.004,-0.006,820
10,76,-10.1676,-4.516,0.2828,0.0,0.0,161
11,76,9.4031,-24.2155,-4.412,0.0531,-0.0548,820
12,76,-17.3879,-6.6148,0.2828,0.0195,-0.0208,161
17,76,-32.4729,-7.3594,-2.8589,15.068,2.1575,160
18,76,11.7317,-31.7348,-4.412,0.3974,-0.2917,820
19,76,-5.2226,10.2341,-1.2449,0.0,0.0,818
21,76,-33.0039,-11.1542,0.2828,1.0114,-0.9143,161
23,76,14.5829,-40.9411,-4.412,1.9431,-0.239,820
24,76,18.1172,-52.3535,-4.412,3.5395,-1.7714,820
6,77,4.9494,-9.8345,-4.412,0.0,0.0,820
7,77,-22.0609,71.0205,-4.3866,18.2746,2.2142,817
8,77,31.3083,-106.805,-1.2704,21.4116,1.9952,821
9,77,7.1695,-17.0033,-4.412,0.0037,-0.0032,820
10,77,-10.1676,-4.516,0.2828,0.0,0.0,161
11,77,9.4017,-24.211,-4.412,0.0468,-0.0635,820
12,77,-17.3862,-6.6143,0.2828,0.0173,-0.022,161
17,77,-33.9445,-7.7868,-2.8589,15.3235,2.5544,160
18,77,11.7208,-31.6996,-4.412,0.3685,-0.2898,820
19,77,-5.2226,10.2341,-1.2449,0.0,0.0,818
21,77,-32.9116,-11.1274,0.2828,0.9612,-0.5012,161
23,77,14.5287,-40.7661,-4.412,1.8327,-1.1041,820
24,77,18.014,-52.0201,-4.412,3.4898,-0.4967,820
6,78,4.9494,-9.8345,-4.412,0.0,0.0,820
7,78,-22.6513,72.7681,-4.3866,18.4482,1.7353,817
8,78,31.9458,-108.8633,-1.2704,21.5465,1.3485,821
9,78,7.1694,-17.003,-4.412,0.0033,-0.004,820
10,78,-10.1676,-4.516,0.2828,0.0,0.0,161
11,78,9.4005,-24.207,-4.412,0.0421,-0.0471,820
12,78,-17.3847,-6.6139,0.2828,0.0162,-0.0112,161
17,78,-35.4328,-8.2191,-2.8589,15.4974,1.7395,160
18,78,11.7108,-31.6673,-4.412,0.3381,-0.3036,820
19,78,-5.2226,10.2341,-1.2449,0.0,0.0,818
21,78,-32.8251,-11.1022,0.2828,0.9017,-0.5955,161
23,78,14.4786,-40.6043,-4.412,1.6936,-1.3907,820
24,78,17.9133,-51.6951,-4.412,3.402,-0.8782,820
6,79,4.9494,-9.8345,-4.412,0.0,0.0,820
7,79,-23.2478,74.5341,-4.3866,18.6409,1.927,817
8,79,32.5883,-110.9379,-1.2704,21.7185,1.7197,821
9,79,7.1693,-17.0027,-4.412,0.0031,-0.002,820
10,79,-10.1676,-4.516,0.2828,0.0,0.0,161
11,79,9.3993,-24.2033,-4.412,0.0392,-0.0287,820
12,79,-17.3833,-6.6135,0.2828,0.0146,-0.016,161
17,79,-36.9424,-8.6575,-2.8589,15.7186,2.212,160
18,79,11.7019,-31.6383,-4.412,0.3035,-0.3456,820
19,79,-5.2226,10.2341,-1.2449,0.0,0.0,818
21,79,-32.7426,-11.0782,0.2828,0.8587,-0.4295,161
23,79,14.4312,-40.4515,-4.412,1.5993,-0.9427,820
24,79,17.8175,-51.3859,-4.412,3.2375,-1.6447,820
6,80,4.9494,-9.8345,-4.412,0.0,0.0,820
7,80,-23.8495,76.3153,-4.3866,18.8023,1.614,817
8,80,33.238,-113.0358,-1.2704,21.9612,2.4275,821
9,80,7.1692,-17.0024,-4.412,0.0027,-0.0041,820
10,80,-10.1676,-4.516,0.2828,0.0,0.0,161
11,80,9.3982,-24.1998,-4.412,0.0359,-0.033,820
12,80,-17.3821,-6.6131,0.2828,0.0127,-0.0188,161
17,80,-38.4656,-9.1,-2.8589,15.8609,1.4227,160
18,80,11.6936,-31.6117,-4.412,0.2779,-0.2566,820
19,80,-5.2226,10.2341,-1.2449,0.0,0.0,818
21,80,-32.667,-11.0563,0.2828,0.7868,-0.7192,161
23,80,14.388,-40.3118,-4.412,1.4621,-1.3718,820
24,80,17.7248,-51.0865,-4.412,3.1341,-1.0346,820
6,81,4.9494,-9.8345,-4.412,0.0,0.0,820
7,81,-24.4588,78.119,-4.3866,19.0393,2.3705,817
8,81,33.8953,-115.1584,-1.2704,22.2202,2.5902,821
9,81,7.1692,-17.0022,-4.412,0.0024,-0.0023,820
10,81,-10.1676,-4.516,0.2828,0.0,0.0,161
11,81,9.3973,-24.1967,-4.412,0.0327,-0.0322,820
12,81,-17.3809,-6.6128,0.2828,0.0115,-0.0114,161
17,81,-40.0131,-9.5494,-2.8589,16.1133,2.5239,160
18,81,11.686,-31.5872,-4.412,0.2568,-0.2105,820
19,81,-5.2226,10.2341,-1.2449,0.0,0.0,818
21,81,-32.5977,-11.0361,0.2828,0.722,-0.6475,161
23,81,14.3468,-40.1789,-4.412,1.3913,-0.7087,820
24,81,17.6346,-50.7951,-4.412,3.0507,-0.8342,820
6,82,4.9494,-9.8345,-4.412,0.0,0.0,820
7,82,-25.0742,79.941,-4.3866,19.2327,1.9337,817
8,82,34.5573,-117.2958,-1.2704,22.3754,1.5511,821
9,82,7.1691,-17.002,-4.412,0.0022,-0.0024,820
10,82,-10.1676,-4.516,0.2828,0.0,0.0,161
11,82,9.3964,-24.1939,-4.412,0.0298,-0.029,820
12,82,-17.3799,-6.6125,0.2828,0.0105,-0.0103,161
17,82,-41.5765,-10.0035,-2.8589,16.2797,1.6639,160
18,82,11.6793,-31.5654,-4.412,0.2284,-0.2844,820
19,82,-5.2226,10.2341,-1.2449,0.0,0.0,818
21,82,-32.5345,-11.0178,0.2828,0.6576,-0.6448,161
23,82,14.3077,-40.0525,-4.412,1.3231,-0.6812,820
24,82,17.5489,-50.5186,-4.412,2.8943,-1.5638,820
6,83,4.9494,-9.8345,-4.412,0.0,0.0,820
8,83,35.2243,-119.4496,-1.2704,22.5471,1.7178,821
9,83,7.169,-17.0018,-4.412,0.002,-0.0016,820
10,83,-10.1676,-4.516,0.2828,0.0,0.0,161
11,83,9.3956,-24.1913,-4.412,0.0263,-0.0345,820
12,83,-17.379,-6.6122,0.2828,0.0094,-0.0108,161
17,83,-43.1543,-10.4618,-2.8589,16.4283,1.4858,160
18,83,11.6732,-31.5456,-4.412,0.2068,-0.2151,820
19,83,-5.2226,10.2341,-1.2449,0.0,0.0,818
21,83,-32.4743,-11.0003,0.2828,0.6268,-0.3073,161
23,83,14.2713,-39.9349,-4.412,1.2307,-0.9245,820
24,83,17.4681,-50.2576,-4.412,2.7318,-1.6249,820
6,84,4.9494,-9.8345,-4.412,0.0,0.0,820
8,84,35.8976,-121.6239,-1.2704,22.761,2.1385,821
9,84,7.169,-17.0016,-4.412,0.0018,-0.0021,820
10,84,-10.1676,-4.516,0.2828,0.0,0.0,161
11,84,9.3949,-24.189,-4.412,0.0242,-0.0212,820
12,84,-17.3782,-6.612,0.2828,0.0088,-0.0065,161
17,84,-44.7511,-10.9256,-2.8589,16.627,1.9869,160
18,84,11.6674,-31.5269,-4.412,0.1957,-0.1113,820
19,84,-5.2226,10.2341,-1.2449,0.0,0.0,818
21,84,-32.4187,-10.9841,0.2828,0.5797,-0.471,161
23,84,14.2379,-39.8273,-4.412,1.1267,-1.0399,820
24,84,17.3899,-50.005,-4.412,2.6444,-0.8736,820
6,85,4.9494,-9.8345,-4.412,0.0,0.0,820
8,85,36.5756,-123.813,-1.2704,22.9167,1.5573,821
9,85,7.1689,-17.0014,-4.412,0.0016,-0.0019,820
10,85,-10.1676,-4.516,0.2828,0.0,0.0,161
11,85,9.3942,-24.1869,-4.412,0.022,-0.0221,820
12,85,-17.3774,-6.6118,0.2828,0.0077,-0.0102,161
17,85,-46.3682,-11.3953,-2.8589,16.8385,2.1152,160
18,85,11.6621,-31.5099,-4.412,0.1783,-0.1739,820
19,85,-5.2226,10.2341,-1.2449,0.0,0.0,818
21,85,-32.3679,-10.9693,0.2828,0.5284,-0.5131,161
23,85,14.2057,-39.7232,-4.412,1.0903,-0.3637,820
24,85,17.3127,-49.7556,-4.412,2.6104,-0.3398,820
6,86,4.9494,-9.8345,-4.412,0.0,0.0,820
8,86,37.2609,-126.0259,-1.2704,23.1657,2.4899,821
9,86,7.1689,-17.0013,-4.412,0.0014,-0.0015,820
10,86,-10.1676,-4.516,0.2828,0.0,0.0,161
11,86,9.3936,-24.185,-4.412,0.0202,-0.018,820
12,86,-17.3767,-6.6116,0.2828,0.0072,-0.0049,161
17,86,-48.0041,-11.8704,-2.8589,17.0339,1.9538,160
18,86,11.6574,-31.4949,-4.412,0.157,-0.2129,820
19,86,-5.2226,10.2341,-1.2449,0.0,0.0,818
21,86,-32.3191,-10.9551,0.2828,0.5083,-0.2011,161
23,86,14.1768,-39.6298,-4.412,0.9769,-1.1336,820
24,86,17.2388,-49.5173,-4.412,2.495,-1.1545,820
6,87,4.9494,-9.8345,-4.412,0.0,0.0,820
9,87,7.1689,-17.0012,-4.412,0.0013,-0.0015,820
10,87,-10.1676,-4.516,0.2828,0.0,0.0,161
11,87,9.3931,-24.1832,-4.412,0.0188,-0.0137,820
12,87,-17.3761,-6.6114,0.2828,0.0065,-0.0074,161
17,87,-49.6564,-12.3504,-2.8589,17.2055,1.7161,160
18,87,11.653,-31.4806,-4.412,0.1492,-0.0782,820
19,87,-5.2226,10.2341,-1.2449,0.0,0.0,818
21,87,-32.2756,-10.9425,0.2828,0.453,-0.5524,161
23,87,14.149,-39.54,-4.412,0.9403,-0.3668,820
24,87,17.1691,-49.2922,-4.412,2.3561,-1.3884,820
6,88,4.9494,-9.8345,-4.412,0.0,0.0,820
9,88,7.1688,-17.0011,-4.412,0.0012,-0.0012,820
10,88,-10.1676,-4.516,0.2828,0.0,0.0,161
11,88,9.3926,-24.1816,-4.412,0.0167,-0.0203,820
12,88,-17.3755,-6.6112,0.2828,0.0057,-0.0078,161
17,88,-51.3282,-12.836,-2.8588,17.4075,2.0198,160
18,88,11.6491,-31.4678,-4.412,0.1338,-0.1537,820
19,88,-5.2226,10.2341,-1.2449,0.0,0.0,818
21,88,-32.2348,-10.9306,0.2828,0.4247,-0.2838,161
23,88,14.1233,-39.4572,-4.412,0.8665,-0.7378,820
24,88,17.1016,-49.0742,-4.412,2.2824,-0.7376,820
6,89,4.9494,-9.8345,-4.412,0.0,0.0,820
9,89,7.1688,-17.001,-4.412,0.0011,-0.001,820
10,89,-10.1676,-4.516,0.2828,0.0,0.0,161
11,89,9.3921,-24.1801,-4.412,0.0156,-0.0117,820
12,89,-17.3751,-6.6111,0.2828,0.0051,-0.0062,161
17,89,-53.0217,-13.3279,-2.8588,17.6342,2.2668,160
18,89,11.6455,-31.4562,-4.412,0.1218,-0.1205,820
19,89,-5.2226,10.2341,-1.2449,0.0,0.0,818
21,89,-32.1969,-10.9196,0.2828,0.3945,-0.3011,161
23,89,14.0995,-39.3803,-4.412,0.8052,-0.6121,820
24,89,17.0371,-48.8659,-4.412,2.1799,-1.0244,820
6,90,4.9494,-9.8345,-4.412,0.0,0.0,820
9,90,7.1688,-17.0009,-4.412,0.0009,-0.0013,820
10,90,-10.1676,-4.516,0.2828,0.0,0.0,161
11,90,9.3917,-24.1787,-4.412,0.0142,-0.0137,820
12,90,-17.3746,-6.611,0.2828,0.0046,-0.0042,161
17,90,-54.7335,-13.8252,-2.8588,17.8252,1.9102,160
18,90,11.6421,-31.4453,-4.412,0.114,-0.0775,820
19,90,-5.2226,10.2341,-1.2449,0.0,0.0,818
21,90,-32.1619,-10.9094,0.2828,0.3644,-0.3011,161
23,90,14.0779,-39.3105,-4.412,0.7306,-0.7466,820
24,90,16.9781,-48.6752,-4.412,1.9961,-1.8378,820
6,91,4.9494,-9.8345,-4.412,0.0,0.0,820
9,91,7.1687,-17.0008,-4.412,0.0008,-0.0008,820
10,91,-10.1676,-4.516,0.2828,0.0,0.0,161
11,91,9.3913,-24.1775,-4.412,0.0129,-0.0133,820
12,91,-17.3742,-6.6108,0.2828,0.0041,-0.0055,161
17,91,-56.466,-14.3286,-2.8588,18.04,2.1481,160
18,91,11.639,-31.4353,-4.412,0.1047,-0.093,820
19,91,-5.2226,10.2341,-1.2449,0.0,0.0,818
21,91,-32.1306,-10.9003,0.2828,0.3266,-0.3782,161
23,91,14.057,-39.2431,-4.412,0.7059,-0.2466,820
24,91,16.9216,-48.4929,-4.412,1.9083,-0.8783,820
6,92,4.9494,-9.8345,-4.412,0.0,0.0,820
9,92,7.1687,-17.0007,-4.412,0.0008,-0.0008,820
10,92,-10.1676,-4.516,0.2828,0.0,0.0,161
11,92,9.391,-24.1764,-4.412,0.0114,-0.0142,820
12,92,-17.3738,-6.6107,0.2828,0.0038,-0.0034,161
17,92,-58.211,-14.8355,-2.8588,18.1709,1.3087,160
18,92,11.6362,-31.4263,-4.412,0.0939,-0.108,820
19,92,-5.2226,10.2341,-1.2449,0.0,0.0,818
21,92,-32.1015,-10.8919,0.2828,0.3023,-0.2428,161
23,92,14.0379,-39.1815,-4.412,0.6443,-0.6158,820
24,92,16.8661,-48.3138,-4.412,1.8755,-0.3283,820
6,93,4.9494,-9.8345,-4.412,0.0,0.0,820
9,93,7.1687,-17.0006,-4.412,0.0007,-0.0008,820
10,93,-10.1676,-4.516,0.2828,0.0,0.0,161
11,93,9.3907,-24.1754,-4.412,0.0106,-0.0079,820
12,93,-17.3735,-6.6106,0.2828,0.0034,-0.0038,161
17,93,-59.9809,-15.3497,-2.8588,18.4297,2.5877,160
18,93,11.6337,-31.4181,-4.412,0.0857,-0.0824,820
19,93,-5.2226,10.2341,-1.2449,0.0,0.0,818
21,93,-32.0739,-10.8839,0.2828,0.2875,-0.1484,161
23,93,14.0204,-39.1247,-4.412,0.5942,-0.5015,820
24,93,16.814,-48.1454,-4.412,1.7629,-1.1256,820
6,94,4.9494,-9.8345,-4.412,0.0,0.0,820
9,94,7.1687,-17.0006,-4.412,0.0006,-0.0007,820
10,94,-10.1676,-4.516,0.2828,0.0,0.0,161
11,94,9.3904,-24.1745,-4.412,0.0092,-0.0144,820
12,94,-17.3732,-6.6106,0.2828,0.0031,-0.0022,161
17,94,-61.7681,-15.8689,-2.8588,18.6098,1.8012,160
18,94,11.6314,-31.4107,-4.412,0.0773,-0.0841,820
19,94,-5.2226,10.2341,-1.2449,0.0,0.0,818
21,94,-32.0487,-10.8765,0.2828,0.2625,-0.2495,161
23,94,14.0045,-39.0735,-4.412,0.5362,-0.5797,820
24,94,16.7647,-47.9864,-4.412,1.6643,-0.9857,820
6,95,4.9494,-9.8345,-4.412,0.0,0.0,820
9,95,7.1687,-17.0005,-4.412,0.0005,-0.0004,820
10,95,-10.1676,-4.516,0.2828,0.0,0.0,161
11,95,9.3901,-24.1737,-4.412,0.0084,-0.0079,820
12,95,-17.3729,-6.6105,0.2828,0.0028,-0.0032,161
17,95,-63.5758,-16.3941,-2.8588,18.8232,2.1341,160
18,95,11.6293,-31.4039,-4.412,0.0716,-0.0561,820
19,95,-5.2226,10.2341,-1.2449,0.0,0.0,818
21,95,-32.0261,-10.87,0.2828,0.2357,-0.2679,161
23,95,13.9896,-39.0255,-4.412,0.5027,-0.3347,820
24,95,16.7175,-47.8337,-4.412,1.5981,-0.6618,820
6,96,4.9494,-9.8345,-4.412,0.0,0.0,820
9,96,7.1686,-17.0005,-4.412,0.0005,-0.0006,820
10,96,-10.1676,-4.516,0.2828,0.0,0.0,161
11,96,9.3899,-24.1729,-4.412,0.0079,-0.0049,820
12,96,-17.3727,-6.6104,0.2828,0.0025,-0.0034,161
17,96,-65.4062,-16.9259,-2.8588,19.0598,2.3656,160
18,96,11.6273,-31.3977,-4.412,0.0652,-0.0645,820
19,96,-5.2226,10.2341,-1.2449,0.0,0.0,818
21,96,-32.0047,-10.8637,0.2828,0.2224,-0.1335,161
23,96,13.9756,-38.9803,-4.412,0.4731,-0.2959,820
24,96,16.6734,-47.6915,-4.412,1.4888,-1.0932,820
6,97,4.9494,-9.8345,-4.412,0.0,0.0,820
9,97,7.1686,-17.0004,-4.412,0.0004,-0.0005,820
10,97,-10.1676,-4.516,0.2828,0.0,0.0,161
11,97,9.3897,-24.1722,-4.412,0.0071,-0.0079,820
12,97,-17.3725,-6.6103,0.2828,0.0023,-0.0018,161
17,97,-67.2497,-17.4614,-2.8588,19.1964,1.3661,160
18,97,11.6256,-31.3919,-4.412,0.0604,-0.0483,820
19,97,-5.2226,10.2341,-1.2449,0.0,0.0,818
21,97,-31.9857,-10.8582,0.2828,0.1981,-0.2424,161
23,97,13.9627,-38.9386,-4.412,0.4363,-0.3682,820
24,97,16.6312,-47.5552,-4.412,1.4263,-0.6249,820
6,98,4.9494,-9.8345,-4.412,0.0,0.0,820
9,98,7.1686,-17.0004,-4.412,0.0004,-0.0004,820
10,98,-10.1676,-4.516,0.2828,0.0,0.0,161
11,98,9.3895,-24.1716,-4.412,0.0066,-0.0052,820
12,98,-17.3723,-6.6103,0.2828,0.002,-0.0028,161
17,98,-69.1092,-18.0017,-2.8588,19.3624,1.6602,160
18,98,11.6239,-31.3865,-4.412,0.056,-0.0435,820
19,98,-5.2226,10.2341,-1.2449,0.0,0.0,818
21,98,-31.9677,-10.853,0.2828,0.1871,-0.1097,161
23,98,13.9514,-38.902,-4.412,0.3829,-0.5345,820
24,98,16.5923,-47.4295,-4.412,1.316,-1.1026,820
6,99,4.9494,-9.8345,-4.412,0.0,0.0,820
9,99,7.1686,-17.0003,-4.412,0.0003,-0.0005,820
10,99,-10.1676,-4.516,0.2828,0.0,0.0,161
11,99,9.3893,-24.171,-4.412,0.0059,-0.0063,820
12,99,-17.3721,-6.6102,0.2828,0.0018,-0.0016,161
17,99,-70.9909,-18.5483,-2.8588,19.5941,2.3167,160
18,99,11.6224,-31.3816,-4.412,0.0511,-0.0494,820
19,99,-5.2226,10.2341,-1.2449,0.0,0.0,818
21,99,-31.9513,-10.8482,0.2828,0.1707,-0.1644,161
23,99,13.9408,-38.8678,-4.412,0.3585,-0.2433,820
24,99,16.5556,-47.3112,-4.412,1.2382,-0.778,820
6,100,4.9494,-9.8345,-4.412,0.0,0.0,820
9,100,7.1686,-17.0003,-4.412,0.0003,-0.0004,820
10,100,-10.1676,-4.516,0.2828,0.0,0.0,161
11,100,9.3892,-24.1705,-4.412,0.0052,-0.0076,820
12,100,-17.3719,-6.6102,0.2828,0.0016,-0.0022,161
17,100,-72.8859,-19.0989,-2.8588,19.732,1.3791,160
18,100,11.621,-31.3772,-4.412,0.0461,-0.0492,820
19,100,-5.2226,10.2341,-1.2449,0.0,0.0,818
21,100,-31.9369,-10.844,0.2828,0.1505,-0.2019,161
23,100,13.9311,-38.8365,-4.412,0.3273,-0.3126,820
24,100,16.5198,-47.1954,-4.412,1.2127,-0.2552,820
